/home/edge-host/Documents/GitHub/embodied_ai/.belief/artifacts/RUN-0142/reads.log
/home/edge-host/Documents/GitHub/embodied_ai/.pytest_cache/v/cache/lastfailed
/home/edge-host/Documents/GitHub/embodied_ai/.pytest_cache/v/cache/nodeids
/home/edge-host/Documents/GitHub/embodied_ai/.venv-libero/lib/python3.11/site-packages/OpenGL/EGL/EXT/__pycache__/__init__.cpython-311.pyc
/home/edge-host/Documents/GitHub/embodied_ai/.venv-libero/lib/python3.11/site-packages/OpenGL/EGL/EXT/__pycache__/platform_base.cpython-311.pyc
/home/edge-host/Documents/GitHub/embodied_ai/.venv-libero/lib/python3.11/site-packages/OpenGL/EGL/VERSION/__pycache__/EGL_1_0.cpython-311.pyc
/home/edge-host/Documents/GitHub/embodied_ai/.venv-libero/lib/python3.11/site-packages/OpenGL/EGL/VERSION/__pycache__/EGL_1_1.cpython-311.pyc
/home/edge-host/Documents/GitHub/embodied_ai/.venv-libero/lib/python3.11/site-packages/OpenGL/EGL/VERSION/__pycache__/EGL_1_2.cpython-311.pyc
/home/edge-host/Documents/GitHub/embodied_ai/.venv-libero/lib/python3.11/site-packages/OpenGL/EGL/VERSION/__pycache__/EGL_1_3.cpython-311.pyc
/home/edge-host/Documents/GitHub/embodied_ai/.venv-libero/lib/python3.11/site-packages/OpenGL/EGL/VERSION/__pycache__/EGL_1_4.cpython-311.pyc
/home/edge-host/Documents/GitHub/embodied_ai/.venv-libero/lib/python3.11/site-packages/OpenGL/EGL/VERSION/__pycache__/EGL_1_5.cpython-311.pyc
/home/edge-host/Documents/GitHub/embodied_ai/.venv-libero/lib/python3.11/site-packages/OpenGL/EGL/VERSION/__pycache__/__init__.cpython-311.pyc
/home/edge-host/Documents/GitHub/embodied_ai/.venv-libero/lib/python3.11/site-packages/OpenGL/EGL/__pycache__/__init__.cpython-311.pyc
/home/edge-host/Documents/GitHub/embodied_ai/.venv-libero/lib/python3.11/site-packages/OpenGL/__pycache__/__init__.cpython-311.pyc
/home/edge-host/Documents/GitHub/embodied_ai/.venv-libero/lib/python3.11/site-packages/OpenGL/__pycache__/_bytes.cpython-311.pyc
/home/edge-host/Documents/GitHub/embodied_ai/.venv-libero/lib/python3.11/site-packages/OpenGL/__pycache__/_configflags.cpython-311.pyc
/home/edge-host/Documents/GitHub/embodied_ai/.venv-libero/lib/python3.11/site-packages/OpenGL/__pycache__/_null.cpython-311.pyc
/home/edge-host/Documents/GitHub/embodied_ai/.venv-libero/lib/python3.11/site-packages/OpenGL/__pycache__/_opaque.cpython-311.pyc
/home/edge-host/Documents/GitHub/embodied_ai/.venv-libero/lib/python3.11/site-packages/OpenGL/__pycache__/acceleratesupport.cpython-311.pyc
/home/edge-host/Documents/GitHub/embodied_ai/.venv-libero/lib/python3.11/site-packages/OpenGL/__pycache__/constant.cpython-311.pyc
/home/edge-host/Documents/GitHub/embodied_ai/.venv-libero/lib/python3.11/site-packages/OpenGL/__pycache__/contextdata.cpython-311.pyc
/home/edge-host/Documents/GitHub/embodied_ai/.venv-libero/lib/python3.11/site-packages/OpenGL/__pycache__/converters.cpython-311.pyc
/home/edge-host/Documents/GitHub/embodied_ai/.venv-libero/lib/python3.11/site-packages/OpenGL/__pycache__/error.cpython-311.pyc
/home/edge-host/Documents/GitHub/embodied_ai/.venv-libero/lib/python3.11/site-packages/OpenGL/__pycache__/extensions.cpython-311.pyc
/home/edge-host/Documents/GitHub/embodied_ai/.venv-libero/lib/python3.11/site-packages/OpenGL/__pycache__/latebind.cpython-311.pyc
/home/edge-host/Documents/GitHub/embodied_ai/.venv-libero/lib/python3.11/site-packages/OpenGL/__pycache__/logs.cpython-311.pyc
/home/edge-host/Documents/GitHub/embodied_ai/.venv-libero/lib/python3.11/site-packages/OpenGL/__pycache__/plugins.cpython-311.pyc
/home/edge-host/Documents/GitHub/embodied_ai/.venv-libero/lib/python3.11/site-packages/OpenGL/__pycache__/version.cpython-311.pyc
/home/edge-host/Documents/GitHub/embodied_ai/.venv-libero/lib/python3.11/site-packages/OpenGL/__pycache__/wrapper.cpython-311.pyc
/home/edge-host/Documents/GitHub/embodied_ai/.venv-libero/lib/python3.11/site-packages/OpenGL/arrays/__pycache__/__init__.cpython-311.pyc
/home/edge-host/Documents/GitHub/embodied_ai/.venv-libero/lib/python3.11/site-packages/OpenGL/arrays/__pycache__/_arrayconstants.cpython-311.pyc
/home/edge-host/Documents/GitHub/embodied_ai/.venv-libero/lib/python3.11/site-packages/OpenGL/arrays/__pycache__/arraydatatype.cpython-311.pyc
/home/edge-host/Documents/GitHub/embodied_ai/.venv-libero/lib/python3.11/site-packages/OpenGL/arrays/__pycache__/arrayhelpers.cpython-311.pyc
/home/edge-host/Documents/GitHub/embodied_ai/.venv-libero/lib/python3.11/site-packages/OpenGL/arrays/__pycache__/ctypesparameters.cpython-311.pyc
/home/edge-host/Documents/GitHub/embodied_ai/.venv-libero/lib/python3.11/site-packages/OpenGL/arrays/__pycache__/ctypespointers.cpython-311.pyc
/home/edge-host/Documents/GitHub/embodied_ai/.venv-libero/lib/python3.11/site-packages/OpenGL/arrays/__pycache__/formathandler.cpython-311.pyc
/home/edge-host/Documents/GitHub/embodied_ai/.venv-libero/lib/python3.11/site-packages/OpenGL/arrays/__pycache__/lists.cpython-311.pyc
/home/edge-host/Documents/GitHub/embodied_ai/.venv-libero/lib/python3.11/site-packages/OpenGL/arrays/__pycache__/nones.cpython-311.pyc
/home/edge-host/Documents/GitHub/embodied_ai/.venv-libero/lib/python3.11/site-packages/OpenGL/arrays/__pycache__/strings.cpython-311.pyc
/home/edge-host/Documents/GitHub/embodied_ai/.venv-libero/lib/python3.11/site-packages/OpenGL/platform/__pycache__/__init__.cpython-311.pyc
/home/edge-host/Documents/GitHub/embodied_ai/.venv-libero/lib/python3.11/site-packages/OpenGL/platform/__pycache__/baseplatform.cpython-311.pyc
/home/edge-host/Documents/GitHub/embodied_ai/.venv-libero/lib/python3.11/site-packages/OpenGL/platform/__pycache__/ctypesloader.cpython-311.pyc
/home/edge-host/Documents/GitHub/embodied_ai/.venv-libero/lib/python3.11/site-packages/OpenGL/platform/__pycache__/egl.cpython-311.pyc
/home/edge-host/Documents/GitHub/embodied_ai/.venv-libero/lib/python3.11/site-packages/OpenGL/raw/EGL/EXT/__pycache__/__init__.cpython-311.pyc
/home/edge-host/Documents/GitHub/embodied_ai/.venv-libero/lib/python3.11/site-packages/OpenGL/raw/EGL/EXT/__pycache__/platform_base.cpython-311.pyc
/home/edge-host/Documents/GitHub/embodied_ai/.venv-libero/lib/python3.11/site-packages/OpenGL/raw/EGL/VERSION/__pycache__/EGL_1_0.cpython-311.pyc
/home/edge-host/Documents/GitHub/embodied_ai/.venv-libero/lib/python3.11/site-packages/OpenGL/raw/EGL/VERSION/__pycache__/EGL_1_1.cpython-311.pyc
/home/edge-host/Documents/GitHub/embodied_ai/.venv-libero/lib/python3.11/site-packages/OpenGL/raw/EGL/VERSION/__pycache__/EGL_1_2.cpython-311.pyc
/home/edge-host/Documents/GitHub/embodied_ai/.venv-libero/lib/python3.11/site-packages/OpenGL/raw/EGL/VERSION/__pycache__/EGL_1_3.cpython-311.pyc
/home/edge-host/Documents/GitHub/embodied_ai/.venv-libero/lib/python3.11/site-packages/OpenGL/raw/EGL/VERSION/__pycache__/EGL_1_4.cpython-311.pyc
/home/edge-host/Documents/GitHub/embodied_ai/.venv-libero/lib/python3.11/site-packages/OpenGL/raw/EGL/VERSION/__pycache__/EGL_1_5.cpython-311.pyc
/home/edge-host/Documents/GitHub/embodied_ai/.venv-libero/lib/python3.11/site-packages/OpenGL/raw/EGL/VERSION/__pycache__/__init__.cpython-311.pyc
/home/edge-host/Documents/GitHub/embodied_ai/.venv-libero/lib/python3.11/site-packages/OpenGL/raw/EGL/__pycache__/__init__.cpython-311.pyc
/home/edge-host/Documents/GitHub/embodied_ai/.venv-libero/lib/python3.11/site-packages/OpenGL/raw/EGL/__pycache__/_errors.cpython-311.pyc
/home/edge-host/Documents/GitHub/embodied_ai/.venv-libero/lib/python3.11/site-packages/OpenGL/raw/EGL/__pycache__/_glgets.cpython-311.pyc
/home/edge-host/Documents/GitHub/embodied_ai/.venv-libero/lib/python3.11/site-packages/OpenGL/raw/EGL/__pycache__/_types.cpython-311.pyc
/home/edge-host/Documents/GitHub/embodied_ai/.venv-libero/lib/python3.11/site-packages/OpenGL/raw/GL/VERSION/__pycache__/GL_1_0.cpython-311.pyc
/home/edge-host/Documents/GitHub/embodied_ai/.venv-libero/lib/python3.11/site-packages/OpenGL/raw/GL/VERSION/__pycache__/GL_1_1.cpython-311.pyc
/home/edge-host/Documents/GitHub/embodied_ai/.venv-libero/lib/python3.11/site-packages/OpenGL/raw/GL/VERSION/__pycache__/__init__.cpython-311.pyc
/home/edge-host/Documents/GitHub/embodied_ai/.venv-libero/lib/python3.11/site-packages/OpenGL/raw/GL/__pycache__/__init__.cpython-311.pyc
/home/edge-host/Documents/GitHub/embodied_ai/.venv-libero/lib/python3.11/site-packages/OpenGL/raw/GL/__pycache__/_errors.cpython-311.pyc
/home/edge-host/Documents/GitHub/embodied_ai/.venv-libero/lib/python3.11/site-packages/OpenGL/raw/GL/__pycache__/_lookupint.cpython-311.pyc
/home/edge-host/Documents/GitHub/embodied_ai/.venv-libero/lib/python3.11/site-packages/OpenGL/raw/GL/__pycache__/_types.cpython-311.pyc
/home/edge-host/Documents/GitHub/embodied_ai/.venv-libero/lib/python3.11/site-packages/OpenGL/raw/__pycache__/__init__.cpython-311.pyc
/home/edge-host/Documents/GitHub/embodied_ai/.venv-libero/lib/python3.11/site-packages/PIL/__pycache__/ExifTags.cpython-311.pyc
/home/edge-host/Documents/GitHub/embodied_ai/.venv-libero/lib/python3.11/site-packages/PIL/__pycache__/GimpGradientFile.cpython-311.pyc
/home/edge-host/Documents/GitHub/embodied_ai/.venv-libero/lib/python3.11/site-packages/PIL/__pycache__/GimpPaletteFile.cpython-311.pyc
/home/edge-host/Documents/GitHub/embodied_ai/.venv-libero/lib/python3.11/site-packages/PIL/__pycache__/Image.cpython-311.pyc
/home/edge-host/Documents/GitHub/embodied_ai/.venv-libero/lib/python3.11/site-packages/PIL/__pycache__/ImageChops.cpython-311.pyc
/home/edge-host/Documents/GitHub/embodied_ai/.venv-libero/lib/python3.11/site-packages/PIL/__pycache__/ImageColor.cpython-311.pyc
/home/edge-host/Documents/GitHub/embodied_ai/.venv-libero/lib/python3.11/site-packages/PIL/__pycache__/ImageFile.cpython-311.pyc
/home/edge-host/Documents/GitHub/embodied_ai/.venv-libero/lib/python3.11/site-packages/PIL/__pycache__/ImageMode.cpython-311.pyc
/home/edge-host/Documents/GitHub/embodied_ai/.venv-libero/lib/python3.11/site-packages/PIL/__pycache__/ImagePalette.cpython-311.pyc
/home/edge-host/Documents/GitHub/embodied_ai/.venv-libero/lib/python3.11/site-packages/PIL/__pycache__/ImageSequence.cpython-311.pyc
/home/edge-host/Documents/GitHub/embodied_ai/.venv-libero/lib/python3.11/site-packages/PIL/__pycache__/PaletteFile.cpython-311.pyc
/home/edge-host/Documents/GitHub/embodied_ai/.venv-libero/lib/python3.11/site-packages/PIL/__pycache__/PngImagePlugin.cpython-311.pyc
/home/edge-host/Documents/GitHub/embodied_ai/.venv-libero/lib/python3.11/site-packages/PIL/__pycache__/TiffTags.cpython-311.pyc
/home/edge-host/Documents/GitHub/embodied_ai/.venv-libero/lib/python3.11/site-packages/PIL/__pycache__/__init__.cpython-311.pyc
/home/edge-host/Documents/GitHub/embodied_ai/.venv-libero/lib/python3.11/site-packages/PIL/__pycache__/_binary.cpython-311.pyc
/home/edge-host/Documents/GitHub/embodied_ai/.venv-libero/lib/python3.11/site-packages/PIL/__pycache__/_deprecate.cpython-311.pyc
/home/edge-host/Documents/GitHub/embodied_ai/.venv-libero/lib/python3.11/site-packages/PIL/__pycache__/_util.cpython-311.pyc
/home/edge-host/Documents/GitHub/embodied_ai/.venv-libero/lib/python3.11/site-packages/PIL/__pycache__/_version.cpython-311.pyc
/home/edge-host/Documents/GitHub/embodied_ai/.venv-libero/lib/python3.11/site-packages/__pycache__/py.cpython-311.pyc
/home/edge-host/Documents/GitHub/embodied_ai/.venv-libero/lib/python3.11/site-packages/__pycache__/typing_extensions.cpython-311.pyc
/home/edge-host/Documents/GitHub/embodied_ai/.venv-libero/lib/python3.11/site-packages/_pytest/__pycache__/__init__.cpython-311.pyc
/home/edge-host/Documents/GitHub/embodied_ai/.venv-libero/lib/python3.11/site-packages/_pytest/__pycache__/_argcomplete.cpython-311.pyc
/home/edge-host/Documents/GitHub/embodied_ai/.venv-libero/lib/python3.11/site-packages/_pytest/__pycache__/_version.cpython-311.pyc
/home/edge-host/Documents/GitHub/embodied_ai/.venv-libero/lib/python3.11/site-packages/_pytest/__pycache__/cacheprovider.cpython-311.pyc
/home/edge-host/Documents/GitHub/embodied_ai/.venv-libero/lib/python3.11/site-packages/_pytest/__pycache__/capture.cpython-311.pyc
/home/edge-host/Documents/GitHub/embodied_ai/.venv-libero/lib/python3.11/site-packages/_pytest/__pycache__/compat.cpython-311.pyc
/home/edge-host/Documents/GitHub/embodied_ai/.venv-libero/lib/python3.11/site-packages/_pytest/__pycache__/debugging.cpython-311.pyc
/home/edge-host/Documents/GitHub/embodied_ai/.venv-libero/lib/python3.11/site-packages/_pytest/__pycache__/deprecated.cpython-311.pyc
/home/edge-host/Documents/GitHub/embodied_ai/.venv-libero/lib/python3.11/site-packages/_pytest/__pycache__/doctest.cpython-311.pyc
/home/edge-host/Documents/GitHub/embodied_ai/.venv-libero/lib/python3.11/site-packages/_pytest/__pycache__/faulthandler.cpython-311.pyc
/home/edge-host/Documents/GitHub/embodied_ai/.venv-libero/lib/python3.11/site-packages/_pytest/__pycache__/fixtures.cpython-311.pyc
/home/edge-host/Documents/GitHub/embodied_ai/.venv-libero/lib/python3.11/site-packages/_pytest/__pycache__/freeze_support.cpython-311.pyc
/home/edge-host/Documents/GitHub/embodied_ai/.venv-libero/lib/python3.11/site-packages/_pytest/__pycache__/helpconfig.cpython-311.pyc
/home/edge-host/Documents/GitHub/embodied_ai/.venv-libero/lib/python3.11/site-packages/_pytest/__pycache__/hookspec.cpython-311.pyc
/home/edge-host/Documents/GitHub/embodied_ai/.venv-libero/lib/python3.11/site-packages/_pytest/__pycache__/junitxml.cpython-311.pyc
/home/edge-host/Documents/GitHub/embodied_ai/.venv-libero/lib/python3.11/site-packages/_pytest/__pycache__/legacypath.cpython-311.pyc
/home/edge-host/Documents/GitHub/embodied_ai/.venv-libero/lib/python3.11/site-packages/_pytest/__pycache__/logging.cpython-311.pyc
/home/edge-host/Documents/GitHub/embodied_ai/.venv-libero/lib/python3.11/site-packages/_pytest/__pycache__/main.cpython-311.pyc
/home/edge-host/Documents/GitHub/embodied_ai/.venv-libero/lib/python3.11/site-packages/_pytest/__pycache__/monkeypatch.cpython-311.pyc
/home/edge-host/Documents/GitHub/embodied_ai/.venv-libero/lib/python3.11/site-packages/_pytest/__pycache__/nodes.cpython-311.pyc
/home/edge-host/Documents/GitHub/embodied_ai/.venv-libero/lib/python3.11/site-packages/_pytest/__pycache__/outcomes.cpython-311.pyc
/home/edge-host/Documents/GitHub/embodied_ai/.venv-libero/lib/python3.11/site-packages/_pytest/__pycache__/pastebin.cpython-311.pyc
/home/edge-host/Documents/GitHub/embodied_ai/.venv-libero/lib/python3.11/site-packages/_pytest/__pycache__/pathlib.cpython-311.pyc
/home/edge-host/Documents/GitHub/embodied_ai/.venv-libero/lib/python3.11/site-packages/_pytest/__pycache__/pytester.cpython-311.pyc
/home/edge-host/Documents/GitHub/embodied_ai/.venv-libero/lib/python3.11/site-packages/_pytest/__pycache__/python.cpython-311.pyc
/home/edge-host/Documents/GitHub/embodied_ai/.venv-libero/lib/python3.11/site-packages/_pytest/__pycache__/python_api.cpython-311.pyc
/home/edge-host/Documents/GitHub/embodied_ai/.venv-libero/lib/python3.11/site-packages/_pytest/__pycache__/raises.cpython-311.pyc
/home/edge-host/Documents/GitHub/embodied_ai/.venv-libero/lib/python3.11/site-packages/_pytest/__pycache__/recwarn.cpython-311.pyc
/home/edge-host/Documents/GitHub/embodied_ai/.venv-libero/lib/python3.11/site-packages/_pytest/__pycache__/reports.cpython-311.pyc
/home/edge-host/Documents/GitHub/embodied_ai/.venv-libero/lib/python3.11/site-packages/_pytest/__pycache__/runner.cpython-311.pyc
/home/edge-host/Documents/GitHub/embodied_ai/.venv-libero/lib/python3.11/site-packages/_pytest/__pycache__/scope.cpython-311.pyc
/home/edge-host/Documents/GitHub/embodied_ai/.venv-libero/lib/python3.11/site-packages/_pytest/__pycache__/setuponly.cpython-311.pyc
/home/edge-host/Documents/GitHub/embodied_ai/.venv-libero/lib/python3.11/site-packages/_pytest/__pycache__/setupplan.cpython-311.pyc
/home/edge-host/Documents/GitHub/embodied_ai/.venv-libero/lib/python3.11/site-packages/_pytest/__pycache__/skipping.cpython-311.pyc
/home/edge-host/Documents/GitHub/embodied_ai/.venv-libero/lib/python3.11/site-packages/_pytest/__pycache__/stash.cpython-311.pyc
/home/edge-host/Documents/GitHub/embodied_ai/.venv-libero/lib/python3.11/site-packages/_pytest/__pycache__/stepwise.cpython-311.pyc
/home/edge-host/Documents/GitHub/embodied_ai/.venv-libero/lib/python3.11/site-packages/_pytest/__pycache__/subtests.cpython-311.pyc
/home/edge-host/Documents/GitHub/embodied_ai/.venv-libero/lib/python3.11/site-packages/_pytest/__pycache__/terminal.cpython-311.pyc
/home/edge-host/Documents/GitHub/embodied_ai/.venv-libero/lib/python3.11/site-packages/_pytest/__pycache__/threadexception.cpython-311.pyc
/home/edge-host/Documents/GitHub/embodied_ai/.venv-libero/lib/python3.11/site-packages/_pytest/__pycache__/timing.cpython-311.pyc
/home/edge-host/Documents/GitHub/embodied_ai/.venv-libero/lib/python3.11/site-packages/_pytest/__pycache__/tmpdir.cpython-311.pyc
/home/edge-host/Documents/GitHub/embodied_ai/.venv-libero/lib/python3.11/site-packages/_pytest/__pycache__/tracemalloc.cpython-311.pyc
/home/edge-host/Documents/GitHub/embodied_ai/.venv-libero/lib/python3.11/site-packages/_pytest/__pycache__/unittest.cpython-311.pyc
/home/edge-host/Documents/GitHub/embodied_ai/.venv-libero/lib/python3.11/site-packages/_pytest/__pycache__/unraisableexception.cpython-311.pyc
/home/edge-host/Documents/GitHub/embodied_ai/.venv-libero/lib/python3.11/site-packages/_pytest/__pycache__/warning_types.cpython-311.pyc
/home/edge-host/Documents/GitHub/embodied_ai/.venv-libero/lib/python3.11/site-packages/_pytest/__pycache__/warnings.cpython-311.pyc
/home/edge-host/Documents/GitHub/embodied_ai/.venv-libero/lib/python3.11/site-packages/_pytest/_code/__pycache__/__init__.cpython-311.pyc
/home/edge-host/Documents/GitHub/embodied_ai/.venv-libero/lib/python3.11/site-packages/_pytest/_code/__pycache__/code.cpython-311.pyc
/home/edge-host/Documents/GitHub/embodied_ai/.venv-libero/lib/python3.11/site-packages/_pytest/_code/__pycache__/source.cpython-311.pyc
/home/edge-host/Documents/GitHub/embodied_ai/.venv-libero/lib/python3.11/site-packages/_pytest/_io/__pycache__/__init__.cpython-311.pyc
/home/edge-host/Documents/GitHub/embodied_ai/.venv-libero/lib/python3.11/site-packages/_pytest/_io/__pycache__/pprint.cpython-311.pyc
/home/edge-host/Documents/GitHub/embodied_ai/.venv-libero/lib/python3.11/site-packages/_pytest/_io/__pycache__/saferepr.cpython-311.pyc
/home/edge-host/Documents/GitHub/embodied_ai/.venv-libero/lib/python3.11/site-packages/_pytest/_io/__pycache__/terminalwriter.cpython-311.pyc
/home/edge-host/Documents/GitHub/embodied_ai/.venv-libero/lib/python3.11/site-packages/_pytest/_io/__pycache__/wcwidth.cpython-311.pyc
/home/edge-host/Documents/GitHub/embodied_ai/.venv-libero/lib/python3.11/site-packages/_pytest/_py/__pycache__/__init__.cpython-311.pyc
/home/edge-host/Documents/GitHub/embodied_ai/.venv-libero/lib/python3.11/site-packages/_pytest/_py/__pycache__/error.cpython-311.pyc
/home/edge-host/Documents/GitHub/embodied_ai/.venv-libero/lib/python3.11/site-packages/_pytest/_py/__pycache__/path.cpython-311.pyc
/home/edge-host/Documents/GitHub/embodied_ai/.venv-libero/lib/python3.11/site-packages/_pytest/assertion/__pycache__/__init__.cpython-311.pyc
/home/edge-host/Documents/GitHub/embodied_ai/.venv-libero/lib/python3.11/site-packages/_pytest/assertion/__pycache__/_compare_any.cpython-311.pyc
/home/edge-host/Documents/GitHub/embodied_ai/.venv-libero/lib/python3.11/site-packages/_pytest/assertion/__pycache__/_compare_mapping.cpython-311.pyc
/home/edge-host/Documents/GitHub/embodied_ai/.venv-libero/lib/python3.11/site-packages/_pytest/assertion/__pycache__/_compare_sequence.cpython-311.pyc
/home/edge-host/Documents/GitHub/embodied_ai/.venv-libero/lib/python3.11/site-packages/_pytest/assertion/__pycache__/_compare_set.cpython-311.pyc
/home/edge-host/Documents/GitHub/embodied_ai/.venv-libero/lib/python3.11/site-packages/_pytest/assertion/__pycache__/_guards.cpython-311.pyc
/home/edge-host/Documents/GitHub/embodied_ai/.venv-libero/lib/python3.11/site-packages/_pytest/assertion/__pycache__/_typing.cpython-311.pyc
/home/edge-host/Documents/GitHub/embodied_ai/.venv-libero/lib/python3.11/site-packages/_pytest/assertion/__pycache__/compare_text.cpython-311.pyc
/home/edge-host/Documents/GitHub/embodied_ai/.venv-libero/lib/python3.11/site-packages/_pytest/assertion/__pycache__/highlight.cpython-311.pyc
/home/edge-host/Documents/GitHub/embodied_ai/.venv-libero/lib/python3.11/site-packages/_pytest/assertion/__pycache__/rewrite.cpython-311.pyc
/home/edge-host/Documents/GitHub/embodied_ai/.venv-libero/lib/python3.11/site-packages/_pytest/assertion/__pycache__/truncate.cpython-311.pyc
/home/edge-host/Documents/GitHub/embodied_ai/.venv-libero/lib/python3.11/site-packages/_pytest/assertion/__pycache__/util.cpython-311.pyc
/home/edge-host/Documents/GitHub/embodied_ai/.venv-libero/lib/python3.11/site-packages/_pytest/assertion/rewrite.py
/home/edge-host/Documents/GitHub/embodied_ai/.venv-libero/lib/python3.11/site-packages/_pytest/config/__init__.py
/home/edge-host/Documents/GitHub/embodied_ai/.venv-libero/lib/python3.11/site-packages/_pytest/config/__pycache__/__init__.cpython-311.pyc
/home/edge-host/Documents/GitHub/embodied_ai/.venv-libero/lib/python3.11/site-packages/_pytest/config/__pycache__/argparsing.cpython-311.pyc
/home/edge-host/Documents/GitHub/embodied_ai/.venv-libero/lib/python3.11/site-packages/_pytest/config/__pycache__/exceptions.cpython-311.pyc
/home/edge-host/Documents/GitHub/embodied_ai/.venv-libero/lib/python3.11/site-packages/_pytest/config/__pycache__/findpaths.cpython-311.pyc
/home/edge-host/Documents/GitHub/embodied_ai/.venv-libero/lib/python3.11/site-packages/_pytest/main.py
/home/edge-host/Documents/GitHub/embodied_ai/.venv-libero/lib/python3.11/site-packages/_pytest/mark/__pycache__/__init__.cpython-311.pyc
/home/edge-host/Documents/GitHub/embodied_ai/.venv-libero/lib/python3.11/site-packages/_pytest/mark/__pycache__/expression.cpython-311.pyc
/home/edge-host/Documents/GitHub/embodied_ai/.venv-libero/lib/python3.11/site-packages/_pytest/mark/__pycache__/structures.cpython-311.pyc
/home/edge-host/Documents/GitHub/embodied_ai/.venv-libero/lib/python3.11/site-packages/_pytest/pathlib.py
/home/edge-host/Documents/GitHub/embodied_ai/.venv-libero/lib/python3.11/site-packages/_pytest/python.py
/home/edge-host/Documents/GitHub/embodied_ai/.venv-libero/lib/python3.11/site-packages/_pytest/runner.py
/home/edge-host/Documents/GitHub/embodied_ai/.venv-libero/lib/python3.11/site-packages/absl_py-2.5.0.dist-info/entry_points.txt
/home/edge-host/Documents/GitHub/embodied_ai/.venv-libero/lib/python3.11/site-packages/annotated_doc-0.0.5.dist-info/entry_points.txt
/home/edge-host/Documents/GitHub/embodied_ai/.venv-libero/lib/python3.11/site-packages/anyio-4.15.1.dist-info/RECORD
/home/edge-host/Documents/GitHub/embodied_ai/.venv-libero/lib/python3.11/site-packages/anyio-4.15.1.dist-info/entry_points.txt
/home/edge-host/Documents/GitHub/embodied_ai/.venv-libero/lib/python3.11/site-packages/anyio/__init__.py
/home/edge-host/Documents/GitHub/embodied_ai/.venv-libero/lib/python3.11/site-packages/anyio/__pycache__/__init__.cpython-311-pytest-9.1.1.pyc
/home/edge-host/Documents/GitHub/embodied_ai/.venv-libero/lib/python3.11/site-packages/anyio/__pycache__/_lazyimport.cpython-311-pytest-9.1.1.pyc
/home/edge-host/Documents/GitHub/embodied_ai/.venv-libero/lib/python3.11/site-packages/anyio/__pycache__/lowlevel.cpython-311-pytest-9.1.1.pyc
/home/edge-host/Documents/GitHub/embodied_ai/.venv-libero/lib/python3.11/site-packages/anyio/__pycache__/pytest_plugin.cpython-311-pytest-9.1.1.pyc
/home/edge-host/Documents/GitHub/embodied_ai/.venv-libero/lib/python3.11/site-packages/anyio/__pycache__/to_thread.cpython-311-pytest-9.1.1.pyc
/home/edge-host/Documents/GitHub/embodied_ai/.venv-libero/lib/python3.11/site-packages/anyio/_backends/__pycache__/__init__.cpython-311-pytest-9.1.1.pyc
/home/edge-host/Documents/GitHub/embodied_ai/.venv-libero/lib/python3.11/site-packages/anyio/_backends/__pycache__/_asyncio.cpython-311-pytest-9.1.1.pyc
/home/edge-host/Documents/GitHub/embodied_ai/.venv-libero/lib/python3.11/site-packages/anyio/_backends/__pycache__/_trio.cpython-311-pytest-9.1.1.pyc
/home/edge-host/Documents/GitHub/embodied_ai/.venv-libero/lib/python3.11/site-packages/anyio/_core/__pycache__/__init__.cpython-311-pytest-9.1.1.pyc
/home/edge-host/Documents/GitHub/embodied_ai/.venv-libero/lib/python3.11/site-packages/anyio/_core/__pycache__/_eventloop.cpython-311-pytest-9.1.1.pyc
/home/edge-host/Documents/GitHub/embodied_ai/.venv-libero/lib/python3.11/site-packages/anyio/_core/__pycache__/_exceptions.cpython-311-pytest-9.1.1.pyc
/home/edge-host/Documents/GitHub/embodied_ai/.venv-libero/lib/python3.11/site-packages/anyio/_core/__pycache__/_resources.cpython-311-pytest-9.1.1.pyc
/home/edge-host/Documents/GitHub/embodied_ai/.venv-libero/lib/python3.11/site-packages/anyio/_core/__pycache__/_sockets.cpython-311-pytest-9.1.1.pyc
/home/edge-host/Documents/GitHub/embodied_ai/.venv-libero/lib/python3.11/site-packages/anyio/_core/__pycache__/_streams.cpython-311-pytest-9.1.1.pyc
/home/edge-host/Documents/GitHub/embodied_ai/.venv-libero/lib/python3.11/site-packages/anyio/_core/__pycache__/_synchronization.cpython-311-pytest-9.1.1.pyc
/home/edge-host/Documents/GitHub/embodied_ai/.venv-libero/lib/python3.11/site-packages/anyio/_core/__pycache__/_tasks.cpython-311-pytest-9.1.1.pyc
/home/edge-host/Documents/GitHub/embodied_ai/.venv-libero/lib/python3.11/site-packages/anyio/_core/__pycache__/_testing.cpython-311-pytest-9.1.1.pyc
/home/edge-host/Documents/GitHub/embodied_ai/.venv-libero/lib/python3.11/site-packages/anyio/_core/__pycache__/_typedattr.cpython-311-pytest-9.1.1.pyc
/home/edge-host/Documents/GitHub/embodied_ai/.venv-libero/lib/python3.11/site-packages/anyio/abc/__init__.py
/home/edge-host/Documents/GitHub/embodied_ai/.venv-libero/lib/python3.11/site-packages/anyio/abc/__pycache__/__init__.cpython-311-pytest-9.1.1.pyc
/home/edge-host/Documents/GitHub/embodied_ai/.venv-libero/lib/python3.11/site-packages/anyio/abc/__pycache__/_eventloop.cpython-311-pytest-9.1.1.pyc
/home/edge-host/Documents/GitHub/embodied_ai/.venv-libero/lib/python3.11/site-packages/anyio/abc/__pycache__/_resources.cpython-311-pytest-9.1.1.pyc
/home/edge-host/Documents/GitHub/embodied_ai/.venv-libero/lib/python3.11/site-packages/anyio/abc/__pycache__/_sockets.cpython-311-pytest-9.1.1.pyc
/home/edge-host/Documents/GitHub/embodied_ai/.venv-libero/lib/python3.11/site-packages/anyio/abc/__pycache__/_streams.cpython-311-pytest-9.1.1.pyc
/home/edge-host/Documents/GitHub/embodied_ai/.venv-libero/lib/python3.11/site-packages/anyio/abc/__pycache__/_subprocesses.cpython-311-pytest-9.1.1.pyc
/home/edge-host/Documents/GitHub/embodied_ai/.venv-libero/lib/python3.11/site-packages/anyio/abc/__pycache__/_tasks.cpython-311-pytest-9.1.1.pyc
/home/edge-host/Documents/GitHub/embodied_ai/.venv-libero/lib/python3.11/site-packages/anyio/abc/__pycache__/_testing.cpython-311-pytest-9.1.1.pyc
/home/edge-host/Documents/GitHub/embodied_ai/.venv-libero/lib/python3.11/site-packages/anyio/streams/__pycache__/__init__.cpython-311-pytest-9.1.1.pyc
/home/edge-host/Documents/GitHub/embodied_ai/.venv-libero/lib/python3.11/site-packages/anyio/streams/__pycache__/memory.cpython-311-pytest-9.1.1.pyc
/home/edge-host/Documents/GitHub/embodied_ai/.venv-libero/lib/python3.11/site-packages/anyio/streams/__pycache__/stapled.cpython-311-pytest-9.1.1.pyc
/home/edge-host/Documents/GitHub/embodied_ai/.venv-libero/lib/python3.11/site-packages/anyio/streams/__pycache__/tls.cpython-311-pytest-9.1.1.pyc
/home/edge-host/Documents/GitHub/embodied_ai/.venv-libero/lib/python3.11/site-packages/attrs-26.1.0.dist-info/entry_points.txt
/home/edge-host/Documents/GitHub/embodied_ai/.venv-libero/lib/python3.11/site-packages/bddl-3.6.0.dist-info/entry_points.txt
/home/edge-host/Documents/GitHub/embodied_ai/.venv-libero/lib/python3.11/site-packages/bddl/__pycache__/__init__.cpython-311.pyc
/home/edge-host/Documents/GitHub/embodied_ai/.venv-libero/lib/python3.11/site-packages/bddl/__pycache__/backend_abc.cpython-311.pyc
/home/edge-host/Documents/GitHub/embodied_ai/.venv-libero/lib/python3.11/site-packages/bddl/__pycache__/config.cpython-311.pyc
/home/edge-host/Documents/GitHub/embodied_ai/.venv-libero/lib/python3.11/site-packages/bddl/__pycache__/parsing.cpython-311.pyc
/home/edge-host/Documents/GitHub/embodied_ai/.venv-libero/lib/python3.11/site-packages/certifi-2026.7.22.dist-info/entry_points.txt
/home/edge-host/Documents/GitHub/embodied_ai/.venv-libero/lib/python3.11/site-packages/click-8.5.0.dist-info/entry_points.txt
/home/edge-host/Documents/GitHub/embodied_ai/.venv-libero/lib/python3.11/site-packages/cloudpickle-3.1.2.dist-info/entry_points.txt
/home/edge-host/Documents/GitHub/embodied_ai/.venv-libero/lib/python3.11/site-packages/cloudpickle/__pycache__/__init__.cpython-311.pyc
/home/edge-host/Documents/GitHub/embodied_ai/.venv-libero/lib/python3.11/site-packages/cloudpickle/__pycache__/cloudpickle.cpython-311.pyc
/home/edge-host/Documents/GitHub/embodied_ai/.venv-libero/lib/python3.11/site-packages/contourpy-1.3.3.dist-info/entry_points.txt
/home/edge-host/Documents/GitHub/embodied_ai/.venv-libero/lib/python3.11/site-packages/cuda/bindings/__pycache__/__init__.cpython-311.pyc
/home/edge-host/Documents/GitHub/embodied_ai/.venv-libero/lib/python3.11/site-packages/cuda/bindings/__pycache__/_version.cpython-311.pyc
/home/edge-host/Documents/GitHub/embodied_ai/.venv-libero/lib/python3.11/site-packages/cuda/bindings/_bindings/__pycache__/__init__.cpython-311.pyc
/home/edge-host/Documents/GitHub/embodied_ai/.venv-libero/lib/python3.11/site-packages/cuda/bindings/_internal/__pycache__/__init__.cpython-311.pyc
/home/edge-host/Documents/GitHub/embodied_ai/.venv-libero/lib/python3.11/site-packages/cuda/bindings/_internal/__pycache__/_fast_enum.cpython-311.pyc
/home/edge-host/Documents/GitHub/embodied_ai/.venv-libero/lib/python3.11/site-packages/cuda/bindings/utils/__pycache__/__init__.cpython-311.pyc
/home/edge-host/Documents/GitHub/embodied_ai/.venv-libero/lib/python3.11/site-packages/cuda/bindings/utils/__pycache__/_nvvm_utils.cpython-311.pyc
/home/edge-host/Documents/GitHub/embodied_ai/.venv-libero/lib/python3.11/site-packages/cuda/bindings/utils/__pycache__/_ptx_utils.cpython-311.pyc
/home/edge-host/Documents/GitHub/embodied_ai/.venv-libero/lib/python3.11/site-packages/cuda/bindings/utils/__pycache__/_version_check.cpython-311.pyc
/home/edge-host/Documents/GitHub/embodied_ai/.venv-libero/lib/python3.11/site-packages/cuda/pathfinder/__pycache__/__init__.cpython-311.pyc
/home/edge-host/Documents/GitHub/embodied_ai/.venv-libero/lib/python3.11/site-packages/cuda/pathfinder/__pycache__/_version.cpython-311.pyc
/home/edge-host/Documents/GitHub/embodied_ai/.venv-libero/lib/python3.11/site-packages/cuda/pathfinder/_binaries/__pycache__/find_nvidia_binary_utility.cpython-311.pyc
/home/edge-host/Documents/GitHub/embodied_ai/.venv-libero/lib/python3.11/site-packages/cuda/pathfinder/_binaries/__pycache__/supported_nvidia_binaries.cpython-311.pyc
/home/edge-host/Documents/GitHub/embodied_ai/.venv-libero/lib/python3.11/site-packages/cuda/pathfinder/_dynamic_libs/__pycache__/descriptor_catalog.cpython-311.pyc
/home/edge-host/Documents/GitHub/embodied_ai/.venv-libero/lib/python3.11/site-packages/cuda/pathfinder/_dynamic_libs/__pycache__/lib_descriptor.cpython-311.pyc
/home/edge-host/Documents/GitHub/embodied_ai/.venv-libero/lib/python3.11/site-packages/cuda/pathfinder/_dynamic_libs/__pycache__/load_dl_common.cpython-311.pyc
/home/edge-host/Documents/GitHub/embodied_ai/.venv-libero/lib/python3.11/site-packages/cuda/pathfinder/_dynamic_libs/__pycache__/load_dl_linux.cpython-311.pyc
/home/edge-host/Documents/GitHub/embodied_ai/.venv-libero/lib/python3.11/site-packages/cuda/pathfinder/_dynamic_libs/__pycache__/load_nvidia_dynamic_lib.cpython-311.pyc
/home/edge-host/Documents/GitHub/embodied_ai/.venv-libero/lib/python3.11/site-packages/cuda/pathfinder/_dynamic_libs/__pycache__/platform_loader.cpython-311.pyc
/home/edge-host/Documents/GitHub/embodied_ai/.venv-libero/lib/python3.11/site-packages/cuda/pathfinder/_dynamic_libs/__pycache__/search_platform.cpython-311.pyc
/home/edge-host/Documents/GitHub/embodied_ai/.venv-libero/lib/python3.11/site-packages/cuda/pathfinder/_dynamic_libs/__pycache__/search_steps.cpython-311.pyc
/home/edge-host/Documents/GitHub/embodied_ai/.venv-libero/lib/python3.11/site-packages/cuda/pathfinder/_dynamic_libs/__pycache__/subprocess_protocol.cpython-311.pyc
/home/edge-host/Documents/GitHub/embodied_ai/.venv-libero/lib/python3.11/site-packages/cuda/pathfinder/_dynamic_libs/__pycache__/supported_nvidia_libs.cpython-311.pyc
/home/edge-host/Documents/GitHub/embodied_ai/.venv-libero/lib/python3.11/site-packages/cuda/pathfinder/_headers/__pycache__/find_nvidia_headers.cpython-311.pyc
/home/edge-host/Documents/GitHub/embodied_ai/.venv-libero/lib/python3.11/site-packages/cuda/pathfinder/_headers/__pycache__/header_descriptor.cpython-311.pyc
/home/edge-host/Documents/GitHub/embodied_ai/.venv-libero/lib/python3.11/site-packages/cuda/pathfinder/_headers/__pycache__/header_descriptor_catalog.cpython-311.pyc
/home/edge-host/Documents/GitHub/embodied_ai/.venv-libero/lib/python3.11/site-packages/cuda/pathfinder/_headers/__pycache__/supported_nvidia_headers.cpython-311.pyc
/home/edge-host/Documents/GitHub/embodied_ai/.venv-libero/lib/python3.11/site-packages/cuda/pathfinder/_static_libs/__pycache__/find_bitcode_lib.cpython-311.pyc
/home/edge-host/Documents/GitHub/embodied_ai/.venv-libero/lib/python3.11/site-packages/cuda/pathfinder/_static_libs/__pycache__/find_static_lib.cpython-311.pyc
/home/edge-host/Documents/GitHub/embodied_ai/.venv-libero/lib/python3.11/site-packages/cuda/pathfinder/_utils/__pycache__/ctk_root_canary.cpython-311.pyc
/home/edge-host/Documents/GitHub/embodied_ai/.venv-libero/lib/python3.11/site-packages/cuda/pathfinder/_utils/__pycache__/env_vars.cpython-311.pyc
/home/edge-host/Documents/GitHub/embodied_ai/.venv-libero/lib/python3.11/site-packages/cuda/pathfinder/_utils/__pycache__/find_sub_dirs.cpython-311.pyc
/home/edge-host/Documents/GitHub/embodied_ai/.venv-libero/lib/python3.11/site-packages/cuda/pathfinder/_utils/__pycache__/platform_aware.cpython-311.pyc
/home/edge-host/Documents/GitHub/embodied_ai/.venv-libero/lib/python3.11/site-packages/cuda_bindings-13.3.1.dist-info/entry_points.txt
/home/edge-host/Documents/GitHub/embodied_ai/.venv-libero/lib/python3.11/site-packages/cuda_pathfinder-1.6.0.dist-info/entry_points.txt
/home/edge-host/Documents/GitHub/embodied_ai/.venv-libero/lib/python3.11/site-packages/cuda_toolkit-13.0.3.0.dist-info/entry_points.txt
/home/edge-host/Documents/GitHub/embodied_ai/.venv-libero/lib/python3.11/site-packages/cv2/__pycache__/__init__.cpython-311.pyc
/home/edge-host/Documents/GitHub/embodied_ai/.venv-libero/lib/python3.11/site-packages/cv2/__pycache__/load_config_py3.cpython-311.pyc
/home/edge-host/Documents/GitHub/embodied_ai/.venv-libero/lib/python3.11/site-packages/cv2/__pycache__/version.cpython-311.pyc
/home/edge-host/Documents/GitHub/embodied_ai/.venv-libero/lib/python3.11/site-packages/cv2/config-3.py
/home/edge-host/Documents/GitHub/embodied_ai/.venv-libero/lib/python3.11/site-packages/cv2/config.py
/home/edge-host/Documents/GitHub/embodied_ai/.venv-libero/lib/python3.11/site-packages/cv2/data/__pycache__/__init__.cpython-311.pyc
/home/edge-host/Documents/GitHub/embodied_ai/.venv-libero/lib/python3.11/site-packages/cv2/gapi/__pycache__/__init__.cpython-311.pyc
/home/edge-host/Documents/GitHub/embodied_ai/.venv-libero/lib/python3.11/site-packages/cv2/mat_wrapper/__pycache__/__init__.cpython-311.pyc
/home/edge-host/Documents/GitHub/embodied_ai/.venv-libero/lib/python3.11/site-packages/cv2/misc/__pycache__/__init__.cpython-311.pyc
/home/edge-host/Documents/GitHub/embodied_ai/.venv-libero/lib/python3.11/site-packages/cv2/misc/__pycache__/version.cpython-311.pyc
/home/edge-host/Documents/GitHub/embodied_ai/.venv-libero/lib/python3.11/site-packages/cv2/typing/__pycache__/__init__.cpython-311.pyc
/home/edge-host/Documents/GitHub/embodied_ai/.venv-libero/lib/python3.11/site-packages/cv2/utils/__pycache__/__init__.cpython-311.pyc
/home/edge-host/Documents/GitHub/embodied_ai/.venv-libero/lib/python3.11/site-packages/cycler-0.12.1.dist-info/entry_points.txt
/home/edge-host/Documents/GitHub/embodied_ai/.venv-libero/lib/python3.11/site-packages/cycler/__pycache__/__init__.cpython-311.pyc
/home/edge-host/Documents/GitHub/embodied_ai/.venv-libero/lib/python3.11/site-packages/dateutil/__pycache__/__init__.cpython-311.pyc
/home/edge-host/Documents/GitHub/embodied_ai/.venv-libero/lib/python3.11/site-packages/dateutil/__pycache__/_version.cpython-311.pyc
/home/edge-host/Documents/GitHub/embodied_ai/.venv-libero/lib/python3.11/site-packages/defusedxml-0.7.1.dist-info/entry_points.txt
/home/edge-host/Documents/GitHub/embodied_ai/.venv-libero/lib/python3.11/site-packages/defusedxml/__pycache__/ElementTree.cpython-311.pyc
/home/edge-host/Documents/GitHub/embodied_ai/.venv-libero/lib/python3.11/site-packages/defusedxml/__pycache__/__init__.cpython-311.pyc
/home/edge-host/Documents/GitHub/embodied_ai/.venv-libero/lib/python3.11/site-packages/defusedxml/__pycache__/common.cpython-311.pyc
/home/edge-host/Documents/GitHub/embodied_ai/.venv-libero/lib/python3.11/site-packages/easydict-1.13.dist-info/entry_points.txt
/home/edge-host/Documents/GitHub/embodied_ai/.venv-libero/lib/python3.11/site-packages/easydict/__pycache__/__init__.cpython-311.pyc
/home/edge-host/Documents/GitHub/embodied_ai/.venv-libero/lib/python3.11/site-packages/etils-1.14.0.dist-info/entry_points.txt
/home/edge-host/Documents/GitHub/embodied_ai/.venv-libero/lib/python3.11/site-packages/fastjsonschema-2.22.2.dist-info/entry_points.txt
/home/edge-host/Documents/GitHub/embodied_ai/.venv-libero/lib/python3.11/site-packages/filelock-3.32.3.dist-info/entry_points.txt
/home/edge-host/Documents/GitHub/embodied_ai/.venv-libero/lib/python3.11/site-packages/fonttools-4.64.0.dist-info/entry_points.txt
/home/edge-host/Documents/GitHub/embodied_ai/.venv-libero/lib/python3.11/site-packages/fsspec-2026.7.0.dist-info/entry_points.txt
/home/edge-host/Documents/GitHub/embodied_ai/.venv-libero/lib/python3.11/site-packages/future-1.0.0.dist-info/entry_points.txt
/home/edge-host/Documents/GitHub/embodied_ai/.venv-libero/lib/python3.11/site-packages/future/__pycache__/__init__.cpython-311.pyc
/home/edge-host/Documents/GitHub/embodied_ai/.venv-libero/lib/python3.11/site-packages/future/utils/__pycache__/__init__.cpython-311.pyc
/home/edge-host/Documents/GitHub/embodied_ai/.venv-libero/lib/python3.11/site-packages/glfw-2.10.2.dist-info/entry_points.txt
/home/edge-host/Documents/GitHub/embodied_ai/.venv-libero/lib/python3.11/site-packages/gym-0.25.2.dist-info/entry_points.txt
/home/edge-host/Documents/GitHub/embodied_ai/.venv-libero/lib/python3.11/site-packages/gym/__pycache__/__init__.cpython-311.pyc
/home/edge-host/Documents/GitHub/embodied_ai/.venv-libero/lib/python3.11/site-packages/gym/__pycache__/core.cpython-311.pyc
/home/edge-host/Documents/GitHub/embodied_ai/.venv-libero/lib/python3.11/site-packages/gym/__pycache__/error.cpython-311.pyc
/home/edge-host/Documents/GitHub/embodied_ai/.venv-libero/lib/python3.11/site-packages/gym/__pycache__/logger.cpython-311.pyc
/home/edge-host/Documents/GitHub/embodied_ai/.venv-libero/lib/python3.11/site-packages/gym/__pycache__/version.cpython-311.pyc
/home/edge-host/Documents/GitHub/embodied_ai/.venv-libero/lib/python3.11/site-packages/gym/envs/__pycache__/__init__.cpython-311.pyc
/home/edge-host/Documents/GitHub/embodied_ai/.venv-libero/lib/python3.11/site-packages/gym/envs/__pycache__/__relocated__.cpython-311.pyc
/home/edge-host/Documents/GitHub/embodied_ai/.venv-libero/lib/python3.11/site-packages/gym/envs/__pycache__/registration.cpython-311.pyc
/home/edge-host/Documents/GitHub/embodied_ai/.venv-libero/lib/python3.11/site-packages/gym/spaces/__pycache__/__init__.cpython-311.pyc
/home/edge-host/Documents/GitHub/embodied_ai/.venv-libero/lib/python3.11/site-packages/gym/spaces/__pycache__/box.cpython-311.pyc
/home/edge-host/Documents/GitHub/embodied_ai/.venv-libero/lib/python3.11/site-packages/gym/spaces/__pycache__/dict.cpython-311.pyc
/home/edge-host/Documents/GitHub/embodied_ai/.venv-libero/lib/python3.11/site-packages/gym/spaces/__pycache__/discrete.cpython-311.pyc
/home/edge-host/Documents/GitHub/embodied_ai/.venv-libero/lib/python3.11/site-packages/gym/spaces/__pycache__/graph.cpython-311.pyc
/home/edge-host/Documents/GitHub/embodied_ai/.venv-libero/lib/python3.11/site-packages/gym/spaces/__pycache__/multi_binary.cpython-311.pyc
/home/edge-host/Documents/GitHub/embodied_ai/.venv-libero/lib/python3.11/site-packages/gym/spaces/__pycache__/multi_discrete.cpython-311.pyc
/home/edge-host/Documents/GitHub/embodied_ai/.venv-libero/lib/python3.11/site-packages/gym/spaces/__pycache__/sequence.cpython-311.pyc
/home/edge-host/Documents/GitHub/embodied_ai/.venv-libero/lib/python3.11/site-packages/gym/spaces/__pycache__/space.cpython-311.pyc
/home/edge-host/Documents/GitHub/embodied_ai/.venv-libero/lib/python3.11/site-packages/gym/spaces/__pycache__/text.cpython-311.pyc
/home/edge-host/Documents/GitHub/embodied_ai/.venv-libero/lib/python3.11/site-packages/gym/spaces/__pycache__/tuple.cpython-311.pyc
/home/edge-host/Documents/GitHub/embodied_ai/.venv-libero/lib/python3.11/site-packages/gym/spaces/__pycache__/utils.cpython-311.pyc
/home/edge-host/Documents/GitHub/embodied_ai/.venv-libero/lib/python3.11/site-packages/gym/utils/__pycache__/__init__.cpython-311.pyc
/home/edge-host/Documents/GitHub/embodied_ai/.venv-libero/lib/python3.11/site-packages/gym/utils/__pycache__/colorize.cpython-311.pyc
/home/edge-host/Documents/GitHub/embodied_ai/.venv-libero/lib/python3.11/site-packages/gym/utils/__pycache__/ezpickle.cpython-311.pyc
/home/edge-host/Documents/GitHub/embodied_ai/.venv-libero/lib/python3.11/site-packages/gym/utils/__pycache__/passive_env_checker.cpython-311.pyc
/home/edge-host/Documents/GitHub/embodied_ai/.venv-libero/lib/python3.11/site-packages/gym/utils/__pycache__/seeding.cpython-311.pyc
/home/edge-host/Documents/GitHub/embodied_ai/.venv-libero/lib/python3.11/site-packages/gym/utils/__pycache__/step_api_compatibility.cpython-311.pyc
/home/edge-host/Documents/GitHub/embodied_ai/.venv-libero/lib/python3.11/site-packages/gym/vector/__pycache__/__init__.cpython-311.pyc
/home/edge-host/Documents/GitHub/embodied_ai/.venv-libero/lib/python3.11/site-packages/gym/vector/__pycache__/async_vector_env.cpython-311.pyc
/home/edge-host/Documents/GitHub/embodied_ai/.venv-libero/lib/python3.11/site-packages/gym/vector/__pycache__/sync_vector_env.cpython-311.pyc
/home/edge-host/Documents/GitHub/embodied_ai/.venv-libero/lib/python3.11/site-packages/gym/vector/__pycache__/vector_env.cpython-311.pyc
/home/edge-host/Documents/GitHub/embodied_ai/.venv-libero/lib/python3.11/site-packages/gym/vector/utils/__pycache__/__init__.cpython-311.pyc
/home/edge-host/Documents/GitHub/embodied_ai/.venv-libero/lib/python3.11/site-packages/gym/vector/utils/__pycache__/misc.cpython-311.pyc
/home/edge-host/Documents/GitHub/embodied_ai/.venv-libero/lib/python3.11/site-packages/gym/vector/utils/__pycache__/numpy_utils.cpython-311.pyc
/home/edge-host/Documents/GitHub/embodied_ai/.venv-libero/lib/python3.11/site-packages/gym/vector/utils/__pycache__/shared_memory.cpython-311.pyc
/home/edge-host/Documents/GitHub/embodied_ai/.venv-libero/lib/python3.11/site-packages/gym/vector/utils/__pycache__/spaces.cpython-311.pyc
/home/edge-host/Documents/GitHub/embodied_ai/.venv-libero/lib/python3.11/site-packages/gym/wrappers/__pycache__/__init__.cpython-311.pyc
/home/edge-host/Documents/GitHub/embodied_ai/.venv-libero/lib/python3.11/site-packages/gym/wrappers/__pycache__/atari_preprocessing.cpython-311.pyc
/home/edge-host/Documents/GitHub/embodied_ai/.venv-libero/lib/python3.11/site-packages/gym/wrappers/__pycache__/autoreset.cpython-311.pyc
/home/edge-host/Documents/GitHub/embodied_ai/.venv-libero/lib/python3.11/site-packages/gym/wrappers/__pycache__/clip_action.cpython-311.pyc
/home/edge-host/Documents/GitHub/embodied_ai/.venv-libero/lib/python3.11/site-packages/gym/wrappers/__pycache__/env_checker.cpython-311.pyc
/home/edge-host/Documents/GitHub/embodied_ai/.venv-libero/lib/python3.11/site-packages/gym/wrappers/__pycache__/filter_observation.cpython-311.pyc
/home/edge-host/Documents/GitHub/embodied_ai/.venv-libero/lib/python3.11/site-packages/gym/wrappers/__pycache__/flatten_observation.cpython-311.pyc
/home/edge-host/Documents/GitHub/embodied_ai/.venv-libero/lib/python3.11/site-packages/gym/wrappers/__pycache__/frame_stack.cpython-311.pyc
/home/edge-host/Documents/GitHub/embodied_ai/.venv-libero/lib/python3.11/site-packages/gym/wrappers/__pycache__/gray_scale_observation.cpython-311.pyc
/home/edge-host/Documents/GitHub/embodied_ai/.venv-libero/lib/python3.11/site-packages/gym/wrappers/__pycache__/human_rendering.cpython-311.pyc
/home/edge-host/Documents/GitHub/embodied_ai/.venv-libero/lib/python3.11/site-packages/gym/wrappers/__pycache__/normalize.cpython-311.pyc
/home/edge-host/Documents/GitHub/embodied_ai/.venv-libero/lib/python3.11/site-packages/gym/wrappers/__pycache__/order_enforcing.cpython-311.pyc
/home/edge-host/Documents/GitHub/embodied_ai/.venv-libero/lib/python3.11/site-packages/gym/wrappers/__pycache__/record_episode_statistics.cpython-311.pyc
/home/edge-host/Documents/GitHub/embodied_ai/.venv-libero/lib/python3.11/site-packages/gym/wrappers/__pycache__/record_video.cpython-311.pyc
/home/edge-host/Documents/GitHub/embodied_ai/.venv-libero/lib/python3.11/site-packages/gym/wrappers/__pycache__/rescale_action.cpython-311.pyc
/home/edge-host/Documents/GitHub/embodied_ai/.venv-libero/lib/python3.11/site-packages/gym/wrappers/__pycache__/resize_observation.cpython-311.pyc
/home/edge-host/Documents/GitHub/embodied_ai/.venv-libero/lib/python3.11/site-packages/gym/wrappers/__pycache__/step_api_compatibility.cpython-311.pyc
/home/edge-host/Documents/GitHub/embodied_ai/.venv-libero/lib/python3.11/site-packages/gym/wrappers/__pycache__/time_aware_observation.cpython-311.pyc
/home/edge-host/Documents/GitHub/embodied_ai/.venv-libero/lib/python3.11/site-packages/gym/wrappers/__pycache__/time_limit.cpython-311.pyc
/home/edge-host/Documents/GitHub/embodied_ai/.venv-libero/lib/python3.11/site-packages/gym/wrappers/__pycache__/transform_observation.cpython-311.pyc
/home/edge-host/Documents/GitHub/embodied_ai/.venv-libero/lib/python3.11/site-packages/gym/wrappers/__pycache__/transform_reward.cpython-311.pyc
/home/edge-host/Documents/GitHub/embodied_ai/.venv-libero/lib/python3.11/site-packages/gym/wrappers/__pycache__/vector_list_info.cpython-311.pyc
/home/edge-host/Documents/GitHub/embodied_ai/.venv-libero/lib/python3.11/site-packages/gym/wrappers/monitoring/__pycache__/__init__.cpython-311.pyc
/home/edge-host/Documents/GitHub/embodied_ai/.venv-libero/lib/python3.11/site-packages/gym/wrappers/monitoring/__pycache__/video_recorder.cpython-311.pyc
/home/edge-host/Documents/GitHub/embodied_ai/.venv-libero/lib/python3.11/site-packages/gym_notices-0.1.0.dist-info/entry_points.txt
/home/edge-host/Documents/GitHub/embodied_ai/.venv-libero/lib/python3.11/site-packages/gym_notices/__pycache__/__init__.cpython-311.pyc
/home/edge-host/Documents/GitHub/embodied_ai/.venv-libero/lib/python3.11/site-packages/gym_notices/__pycache__/notices.cpython-311.pyc
/home/edge-host/Documents/GitHub/embodied_ai/.venv-libero/lib/python3.11/site-packages/h11-0.16.0.dist-info/entry_points.txt
/home/edge-host/Documents/GitHub/embodied_ai/.venv-libero/lib/python3.11/site-packages/h5py-3.16.0.dist-info/entry_points.txt
/home/edge-host/Documents/GitHub/embodied_ai/.venv-libero/lib/python3.11/site-packages/hf_xet-1.6.0.dist-info/entry_points.txt
/home/edge-host/Documents/GitHub/embodied_ai/.venv-libero/lib/python3.11/site-packages/httpcore-1.0.9.dist-info/entry_points.txt
/home/edge-host/Documents/GitHub/embodied_ai/.venv-libero/lib/python3.11/site-packages/httpx-0.28.1.dist-info/entry_points.txt
/home/edge-host/Documents/GitHub/embodied_ai/.venv-libero/lib/python3.11/site-packages/huggingface_hub-1.30.0.dist-info/entry_points.txt
/home/edge-host/Documents/GitHub/embodied_ai/.venv-libero/lib/python3.11/site-packages/idna-3.19.dist-info/entry_points.txt
/home/edge-host/Documents/GitHub/embodied_ai/.venv-libero/lib/python3.11/site-packages/imageio-2.37.4.dist-info/entry_points.txt
/home/edge-host/Documents/GitHub/embodied_ai/.venv-libero/lib/python3.11/site-packages/imageio_ffmpeg-0.6.0.dist-info/entry_points.txt
/home/edge-host/Documents/GitHub/embodied_ai/.venv-libero/lib/python3.11/site-packages/iniconfig-2.3.0.dist-info/entry_points.txt
/home/edge-host/Documents/GitHub/embodied_ai/.venv-libero/lib/python3.11/site-packages/iniconfig/__pycache__/__init__.cpython-311.pyc
/home/edge-host/Documents/GitHub/embodied_ai/.venv-libero/lib/python3.11/site-packages/iniconfig/__pycache__/_parse.cpython-311.pyc
/home/edge-host/Documents/GitHub/embodied_ai/.venv-libero/lib/python3.11/site-packages/iniconfig/__pycache__/exceptions.cpython-311.pyc
/home/edge-host/Documents/GitHub/embodied_ai/.venv-libero/lib/python3.11/site-packages/jinja2-3.1.6.dist-info/entry_points.txt
/home/edge-host/Documents/GitHub/embodied_ai/.venv-libero/lib/python3.11/site-packages/joblib-1.6.0.dist-info/entry_points.txt
/home/edge-host/Documents/GitHub/embodied_ai/.venv-libero/lib/python3.11/site-packages/jsonschema-4.26.0.dist-info/entry_points.txt
/home/edge-host/Documents/GitHub/embodied_ai/.venv-libero/lib/python3.11/site-packages/jsonschema_specifications-2025.9.1.dist-info/entry_points.txt
/home/edge-host/Documents/GitHub/embodied_ai/.venv-libero/lib/python3.11/site-packages/jupyter_core-5.9.1.dist-info/entry_points.txt
/home/edge-host/Documents/GitHub/embodied_ai/.venv-libero/lib/python3.11/site-packages/jupytext-1.19.5.dist-info/entry_points.txt
/home/edge-host/Documents/GitHub/embodied_ai/.venv-libero/lib/python3.11/site-packages/kiwisolver-1.5.1.dist-info/entry_points.txt
/home/edge-host/Documents/GitHub/embodied_ai/.venv-libero/lib/python3.11/site-packages/kiwisolver/__pycache__/__init__.cpython-311.pyc
/home/edge-host/Documents/GitHub/embodied_ai/.venv-libero/lib/python3.11/site-packages/kiwisolver/__pycache__/exceptions.cpython-311.pyc
/home/edge-host/Documents/GitHub/embodied_ai/.venv-libero/lib/python3.11/site-packages/libero-0.1.0.dist-info/entry_points.txt
/home/edge-host/Documents/GitHub/embodied_ai/.venv-libero/lib/python3.11/site-packages/llvmlite-0.49.0.dist-info/entry_points.txt
/home/edge-host/Documents/GitHub/embodied_ai/.venv-libero/lib/python3.11/site-packages/llvmlite/__pycache__/__init__.cpython-311.pyc
/home/edge-host/Documents/GitHub/embodied_ai/.venv-libero/lib/python3.11/site-packages/llvmlite/__pycache__/_version.cpython-311.pyc
/home/edge-host/Documents/GitHub/embodied_ai/.venv-libero/lib/python3.11/site-packages/llvmlite/__pycache__/utils.cpython-311.pyc
/home/edge-host/Documents/GitHub/embodied_ai/.venv-libero/lib/python3.11/site-packages/llvmlite/binding/__pycache__/__init__.cpython-311.pyc
/home/edge-host/Documents/GitHub/embodied_ai/.venv-libero/lib/python3.11/site-packages/llvmlite/binding/__pycache__/analysis.cpython-311.pyc
/home/edge-host/Documents/GitHub/embodied_ai/.venv-libero/lib/python3.11/site-packages/llvmlite/binding/__pycache__/common.cpython-311.pyc
/home/edge-host/Documents/GitHub/embodied_ai/.venv-libero/lib/python3.11/site-packages/llvmlite/binding/__pycache__/config.cpython-311.pyc
/home/edge-host/Documents/GitHub/embodied_ai/.venv-libero/lib/python3.11/site-packages/llvmlite/binding/__pycache__/context.cpython-311.pyc
/home/edge-host/Documents/GitHub/embodied_ai/.venv-libero/lib/python3.11/site-packages/llvmlite/binding/__pycache__/dylib.cpython-311.pyc
/home/edge-host/Documents/GitHub/embodied_ai/.venv-libero/lib/python3.11/site-packages/llvmlite/binding/__pycache__/executionengine.cpython-311.pyc
/home/edge-host/Documents/GitHub/embodied_ai/.venv-libero/lib/python3.11/site-packages/llvmlite/binding/__pycache__/ffi.cpython-311.pyc
/home/edge-host/Documents/GitHub/embodied_ai/.venv-libero/lib/python3.11/site-packages/llvmlite/binding/__pycache__/initfini.cpython-311.pyc
/home/edge-host/Documents/GitHub/embodied_ai/.venv-libero/lib/python3.11/site-packages/llvmlite/binding/__pycache__/linker.cpython-311.pyc
/home/edge-host/Documents/GitHub/embodied_ai/.venv-libero/lib/python3.11/site-packages/llvmlite/binding/__pycache__/module.cpython-311.pyc
/home/edge-host/Documents/GitHub/embodied_ai/.venv-libero/lib/python3.11/site-packages/llvmlite/binding/__pycache__/newpassmanagers.cpython-311.pyc
/home/edge-host/Documents/GitHub/embodied_ai/.venv-libero/lib/python3.11/site-packages/llvmlite/binding/__pycache__/object_file.cpython-311.pyc
/home/edge-host/Documents/GitHub/embodied_ai/.venv-libero/lib/python3.11/site-packages/llvmlite/binding/__pycache__/options.cpython-311.pyc
/home/edge-host/Documents/GitHub/embodied_ai/.venv-libero/lib/python3.11/site-packages/llvmlite/binding/__pycache__/orcjit.cpython-311.pyc
/home/edge-host/Documents/GitHub/embodied_ai/.venv-libero/lib/python3.11/site-packages/llvmlite/binding/__pycache__/targets.cpython-311.pyc
/home/edge-host/Documents/GitHub/embodied_ai/.venv-libero/lib/python3.11/site-packages/llvmlite/binding/__pycache__/typeref.cpython-311.pyc
/home/edge-host/Documents/GitHub/embodied_ai/.venv-libero/lib/python3.11/site-packages/llvmlite/binding/__pycache__/value.cpython-311.pyc
/home/edge-host/Documents/GitHub/embodied_ai/.venv-libero/lib/python3.11/site-packages/llvmlite/ir/__pycache__/__init__.cpython-311.pyc
/home/edge-host/Documents/GitHub/embodied_ai/.venv-libero/lib/python3.11/site-packages/llvmlite/ir/__pycache__/_utils.cpython-311.pyc
/home/edge-host/Documents/GitHub/embodied_ai/.venv-libero/lib/python3.11/site-packages/llvmlite/ir/__pycache__/builder.cpython-311.pyc
/home/edge-host/Documents/GitHub/embodied_ai/.venv-libero/lib/python3.11/site-packages/llvmlite/ir/__pycache__/context.cpython-311.pyc
/home/edge-host/Documents/GitHub/embodied_ai/.venv-libero/lib/python3.11/site-packages/llvmlite/ir/__pycache__/instructions.cpython-311.pyc
/home/edge-host/Documents/GitHub/embodied_ai/.venv-libero/lib/python3.11/site-packages/llvmlite/ir/__pycache__/module.cpython-311.pyc
/home/edge-host/Documents/GitHub/embodied_ai/.venv-libero/lib/python3.11/site-packages/llvmlite/ir/__pycache__/transforms.cpython-311.pyc
/home/edge-host/Documents/GitHub/embodied_ai/.venv-libero/lib/python3.11/site-packages/llvmlite/ir/__pycache__/types.cpython-311.pyc
/home/edge-host/Documents/GitHub/embodied_ai/.venv-libero/lib/python3.11/site-packages/llvmlite/ir/__pycache__/values.cpython-311.pyc
/home/edge-host/Documents/GitHub/embodied_ai/.venv-libero/lib/python3.11/site-packages/markdown_it_py-4.2.0.dist-info/entry_points.txt
/home/edge-host/Documents/GitHub/embodied_ai/.venv-libero/lib/python3.11/site-packages/markupsafe-3.0.3.dist-info/entry_points.txt
/home/edge-host/Documents/GitHub/embodied_ai/.venv-libero/lib/python3.11/site-packages/matplotlib-3.11.1.dist-info/entry_points.txt
/home/edge-host/Documents/GitHub/embodied_ai/.venv-libero/lib/python3.11/site-packages/matplotlib/__pycache__/__init__.cpython-311.pyc
/home/edge-host/Documents/GitHub/embodied_ai/.venv-libero/lib/python3.11/site-packages/matplotlib/__pycache__/_cm.cpython-311.pyc
/home/edge-host/Documents/GitHub/embodied_ai/.venv-libero/lib/python3.11/site-packages/matplotlib/__pycache__/_cm_bivar.cpython-311.pyc
/home/edge-host/Documents/GitHub/embodied_ai/.venv-libero/lib/python3.11/site-packages/matplotlib/__pycache__/_cm_listed.cpython-311.pyc
/home/edge-host/Documents/GitHub/embodied_ai/.venv-libero/lib/python3.11/site-packages/matplotlib/__pycache__/_cm_multivar.cpython-311.pyc
/home/edge-host/Documents/GitHub/embodied_ai/.venv-libero/lib/python3.11/site-packages/matplotlib/__pycache__/_color_data.cpython-311.pyc
/home/edge-host/Documents/GitHub/embodied_ai/.venv-libero/lib/python3.11/site-packages/matplotlib/__pycache__/_docstring.cpython-311.pyc
/home/edge-host/Documents/GitHub/embodied_ai/.venv-libero/lib/python3.11/site-packages/matplotlib/__pycache__/_enums.cpython-311.pyc
/home/edge-host/Documents/GitHub/embodied_ai/.venv-libero/lib/python3.11/site-packages/matplotlib/__pycache__/_fontconfig_pattern.cpython-311.pyc
/home/edge-host/Documents/GitHub/embodied_ai/.venv-libero/lib/python3.11/site-packages/matplotlib/__pycache__/_version.cpython-311.pyc
/home/edge-host/Documents/GitHub/embodied_ai/.venv-libero/lib/python3.11/site-packages/matplotlib/__pycache__/artist.cpython-311.pyc
/home/edge-host/Documents/GitHub/embodied_ai/.venv-libero/lib/python3.11/site-packages/matplotlib/__pycache__/bezier.cpython-311.pyc
/home/edge-host/Documents/GitHub/embodied_ai/.venv-libero/lib/python3.11/site-packages/matplotlib/__pycache__/cbook.cpython-311.pyc
/home/edge-host/Documents/GitHub/embodied_ai/.venv-libero/lib/python3.11/site-packages/matplotlib/__pycache__/cm.cpython-311.pyc
/home/edge-host/Documents/GitHub/embodied_ai/.venv-libero/lib/python3.11/site-packages/matplotlib/__pycache__/colorizer.cpython-311.pyc
/home/edge-host/Documents/GitHub/embodied_ai/.venv-libero/lib/python3.11/site-packages/matplotlib/__pycache__/colors.cpython-311.pyc
/home/edge-host/Documents/GitHub/embodied_ai/.venv-libero/lib/python3.11/site-packages/matplotlib/__pycache__/mlab.cpython-311.pyc
/home/edge-host/Documents/GitHub/embodied_ai/.venv-libero/lib/python3.11/site-packages/matplotlib/__pycache__/path.cpython-311.pyc
/home/edge-host/Documents/GitHub/embodied_ai/.venv-libero/lib/python3.11/site-packages/matplotlib/__pycache__/rcsetup.cpython-311.pyc
/home/edge-host/Documents/GitHub/embodied_ai/.venv-libero/lib/python3.11/site-packages/matplotlib/__pycache__/scale.cpython-311.pyc
/home/edge-host/Documents/GitHub/embodied_ai/.venv-libero/lib/python3.11/site-packages/matplotlib/__pycache__/ticker.cpython-311.pyc
/home/edge-host/Documents/GitHub/embodied_ai/.venv-libero/lib/python3.11/site-packages/matplotlib/__pycache__/transforms.cpython-311.pyc
/home/edge-host/Documents/GitHub/embodied_ai/.venv-libero/lib/python3.11/site-packages/matplotlib/_api/__pycache__/__init__.cpython-311.pyc
/home/edge-host/Documents/GitHub/embodied_ai/.venv-libero/lib/python3.11/site-packages/matplotlib/_api/__pycache__/deprecation.cpython-311.pyc
/home/edge-host/Documents/GitHub/embodied_ai/.venv-libero/lib/python3.11/site-packages/matplotlib/backends/__pycache__/__init__.cpython-311.pyc
/home/edge-host/Documents/GitHub/embodied_ai/.venv-libero/lib/python3.11/site-packages/matplotlib/backends/__pycache__/registry.cpython-311.pyc
/home/edge-host/Documents/GitHub/embodied_ai/.venv-libero/lib/python3.11/site-packages/matplotlib/mpl-data/matplotlibrc
/home/edge-host/Documents/GitHub/embodied_ai/.venv-libero/lib/python3.11/site-packages/mdit_py_plugins-0.6.1.dist-info/entry_points.txt
/home/edge-host/Documents/GitHub/embodied_ai/.venv-libero/lib/python3.11/site-packages/mdurl-0.1.2.dist-info/entry_points.txt
/home/edge-host/Documents/GitHub/embodied_ai/.venv-libero/lib/python3.11/site-packages/mpmath-1.3.0.dist-info/entry_points.txt
/home/edge-host/Documents/GitHub/embodied_ai/.venv-libero/lib/python3.11/site-packages/mujoco-3.8.1.dist-info/entry_points.txt
/home/edge-host/Documents/GitHub/embodied_ai/.venv-libero/lib/python3.11/site-packages/mujoco/__pycache__/__init__.cpython-311.pyc
/home/edge-host/Documents/GitHub/embodied_ai/.venv-libero/lib/python3.11/site-packages/mujoco/egl/__pycache__/__init__.cpython-311.pyc
/home/edge-host/Documents/GitHub/embodied_ai/.venv-libero/lib/python3.11/site-packages/mujoco/egl/__pycache__/egl_ext.cpython-311.pyc
/home/edge-host/Documents/GitHub/embodied_ai/.venv-libero/lib/python3.11/site-packages/mujoco/rendering/classic/__pycache__/__init__.cpython-311.pyc
/home/edge-host/Documents/GitHub/embodied_ai/.venv-libero/lib/python3.11/site-packages/mujoco/rendering/classic/__pycache__/gl_context.cpython-311.pyc
/home/edge-host/Documents/GitHub/embodied_ai/.venv-libero/lib/python3.11/site-packages/mujoco/rendering/classic/__pycache__/renderer.cpython-311.pyc
/home/edge-host/Documents/GitHub/embodied_ai/.venv-libero/lib/python3.11/site-packages/nbformat-5.11.1.dist-info/entry_points.txt
/home/edge-host/Documents/GitHub/embodied_ai/.venv-libero/lib/python3.11/site-packages/networkx-3.6.1.dist-info/entry_points.txt
/home/edge-host/Documents/GitHub/embodied_ai/.venv-libero/lib/python3.11/site-packages/nltk-3.10.3.dist-info/entry_points.txt
/home/edge-host/Documents/GitHub/embodied_ai/.venv-libero/lib/python3.11/site-packages/numba-0.67.0.dist-info/entry_points.txt
/home/edge-host/Documents/GitHub/embodied_ai/.venv-libero/lib/python3.11/site-packages/numba/__pycache__/__init__.cpython-311.pyc
/home/edge-host/Documents/GitHub/embodied_ai/.venv-libero/lib/python3.11/site-packages/numba/__pycache__/_version.cpython-311.pyc
/home/edge-host/Documents/GitHub/embodied_ai/.venv-libero/lib/python3.11/site-packages/numba/__pycache__/extending.cpython-311.pyc
/home/edge-host/Documents/GitHub/embodied_ai/.venv-libero/lib/python3.11/site-packages/numba/cloudpickle/__pycache__/__init__.cpython-311.pyc
/home/edge-host/Documents/GitHub/embodied_ai/.venv-libero/lib/python3.11/site-packages/numba/cloudpickle/__pycache__/cloudpickle.cpython-311.pyc
/home/edge-host/Documents/GitHub/embodied_ai/.venv-libero/lib/python3.11/site-packages/numba/core/__pycache__/__init__.cpython-311.pyc
/home/edge-host/Documents/GitHub/embodied_ai/.venv-libero/lib/python3.11/site-packages/numba/core/__pycache__/analysis.cpython-311.pyc
/home/edge-host/Documents/GitHub/embodied_ai/.venv-libero/lib/python3.11/site-packages/numba/core/__pycache__/base.cpython-311.pyc
/home/edge-host/Documents/GitHub/embodied_ai/.venv-libero/lib/python3.11/site-packages/numba/core/__pycache__/bytecode.cpython-311.pyc
/home/edge-host/Documents/GitHub/embodied_ai/.venv-libero/lib/python3.11/site-packages/numba/core/__pycache__/byteflow.cpython-311.pyc
/home/edge-host/Documents/GitHub/embodied_ai/.venv-libero/lib/python3.11/site-packages/numba/core/__pycache__/caching.cpython-311.pyc
/home/edge-host/Documents/GitHub/embodied_ai/.venv-libero/lib/python3.11/site-packages/numba/core/__pycache__/callconv.cpython-311.pyc
/home/edge-host/Documents/GitHub/embodied_ai/.venv-libero/lib/python3.11/site-packages/numba/core/__pycache__/callwrapper.cpython-311.pyc
/home/edge-host/Documents/GitHub/embodied_ai/.venv-libero/lib/python3.11/site-packages/numba/core/__pycache__/ccallback.cpython-311.pyc
/home/edge-host/Documents/GitHub/embodied_ai/.venv-libero/lib/python3.11/site-packages/numba/core/__pycache__/cgutils.cpython-311.pyc
/home/edge-host/Documents/GitHub/embodied_ai/.venv-libero/lib/python3.11/site-packages/numba/core/__pycache__/codegen.cpython-311.pyc
/home/edge-host/Documents/GitHub/embodied_ai/.venv-libero/lib/python3.11/site-packages/numba/core/__pycache__/compiler.cpython-311.pyc
/home/edge-host/Documents/GitHub/embodied_ai/.venv-libero/lib/python3.11/site-packages/numba/core/__pycache__/compiler_lock.cpython-311.pyc
/home/edge-host/Documents/GitHub/embodied_ai/.venv-libero/lib/python3.11/site-packages/numba/core/__pycache__/compiler_machinery.cpython-311.pyc
/home/edge-host/Documents/GitHub/embodied_ai/.venv-libero/lib/python3.11/site-packages/numba/core/__pycache__/config.cpython-311.pyc
/home/edge-host/Documents/GitHub/embodied_ai/.venv-libero/lib/python3.11/site-packages/numba/core/__pycache__/consts.cpython-311.pyc
/home/edge-host/Documents/GitHub/embodied_ai/.venv-libero/lib/python3.11/site-packages/numba/core/__pycache__/controlflow.cpython-311.pyc
/home/edge-host/Documents/GitHub/embodied_ai/.venv-libero/lib/python3.11/site-packages/numba/core/__pycache__/cpu.cpython-311.pyc
/home/edge-host/Documents/GitHub/embodied_ai/.venv-libero/lib/python3.11/site-packages/numba/core/__pycache__/cpu_options.cpython-311.pyc
/home/edge-host/Documents/GitHub/embodied_ai/.venv-libero/lib/python3.11/site-packages/numba/core/__pycache__/debuginfo.cpython-311.pyc
/home/edge-host/Documents/GitHub/embodied_ai/.venv-libero/lib/python3.11/site-packages/numba/core/__pycache__/decorators.cpython-311.pyc
/home/edge-host/Documents/GitHub/embodied_ai/.venv-libero/lib/python3.11/site-packages/numba/core/__pycache__/descriptors.cpython-311.pyc
/home/edge-host/Documents/GitHub/embodied_ai/.venv-libero/lib/python3.11/site-packages/numba/core/__pycache__/dispatcher.cpython-311.pyc
/home/edge-host/Documents/GitHub/embodied_ai/.venv-libero/lib/python3.11/site-packages/numba/core/__pycache__/entrypoints.cpython-311.pyc
/home/edge-host/Documents/GitHub/embodied_ai/.venv-libero/lib/python3.11/site-packages/numba/core/__pycache__/environment.cpython-311.pyc
/home/edge-host/Documents/GitHub/embodied_ai/.venv-libero/lib/python3.11/site-packages/numba/core/__pycache__/errors.cpython-311.pyc
/home/edge-host/Documents/GitHub/embodied_ai/.venv-libero/lib/python3.11/site-packages/numba/core/__pycache__/event.cpython-311.pyc
/home/edge-host/Documents/GitHub/embodied_ai/.venv-libero/lib/python3.11/site-packages/numba/core/__pycache__/extending.cpython-311.pyc
/home/edge-host/Documents/GitHub/embodied_ai/.venv-libero/lib/python3.11/site-packages/numba/core/__pycache__/externals.cpython-311.pyc
/home/edge-host/Documents/GitHub/embodied_ai/.venv-libero/lib/python3.11/site-packages/numba/core/__pycache__/fastmathpass.cpython-311.pyc
/home/edge-host/Documents/GitHub/embodied_ai/.venv-libero/lib/python3.11/site-packages/numba/core/__pycache__/funcdesc.cpython-311.pyc
/home/edge-host/Documents/GitHub/embodied_ai/.venv-libero/lib/python3.11/site-packages/numba/core/__pycache__/generators.cpython-311.pyc
/home/edge-host/Documents/GitHub/embodied_ai/.venv-libero/lib/python3.11/site-packages/numba/core/__pycache__/imputils.cpython-311.pyc
/home/edge-host/Documents/GitHub/embodied_ai/.venv-libero/lib/python3.11/site-packages/numba/core/__pycache__/inline_closurecall.cpython-311.pyc
/home/edge-host/Documents/GitHub/embodied_ai/.venv-libero/lib/python3.11/site-packages/numba/core/__pycache__/interpreter.cpython-311.pyc
/home/edge-host/Documents/GitHub/embodied_ai/.venv-libero/lib/python3.11/site-packages/numba/core/__pycache__/intrinsics.cpython-311.pyc
/home/edge-host/Documents/GitHub/embodied_ai/.venv-libero/lib/python3.11/site-packages/numba/core/__pycache__/ir.cpython-311.pyc
/home/edge-host/Documents/GitHub/embodied_ai/.venv-libero/lib/python3.11/site-packages/numba/core/__pycache__/ir_utils.cpython-311.pyc
/home/edge-host/Documents/GitHub/embodied_ai/.venv-libero/lib/python3.11/site-packages/numba/core/__pycache__/itanium_mangler.cpython-311.pyc
/home/edge-host/Documents/GitHub/embodied_ai/.venv-libero/lib/python3.11/site-packages/numba/core/__pycache__/llvm_bindings.cpython-311.pyc
/home/edge-host/Documents/GitHub/embodied_ai/.venv-libero/lib/python3.11/site-packages/numba/core/__pycache__/lowering.cpython-311.pyc
/home/edge-host/Documents/GitHub/embodied_ai/.venv-libero/lib/python3.11/site-packages/numba/core/__pycache__/object_mode_passes.cpython-311.pyc
/home/edge-host/Documents/GitHub/embodied_ai/.venv-libero/lib/python3.11/site-packages/numba/core/__pycache__/optional.cpython-311.pyc
/home/edge-host/Documents/GitHub/embodied_ai/.venv-libero/lib/python3.11/site-packages/numba/core/__pycache__/options.cpython-311.pyc
/home/edge-host/Documents/GitHub/embodied_ai/.venv-libero/lib/python3.11/site-packages/numba/core/__pycache__/postproc.cpython-311.pyc
/home/edge-host/Documents/GitHub/embodied_ai/.venv-libero/lib/python3.11/site-packages/numba/core/__pycache__/pylowering.cpython-311.pyc
/home/edge-host/Documents/GitHub/embodied_ai/.venv-libero/lib/python3.11/site-packages/numba/core/__pycache__/pythonapi.cpython-311.pyc
/home/edge-host/Documents/GitHub/embodied_ai/.venv-libero/lib/python3.11/site-packages/numba/core/__pycache__/registry.cpython-311.pyc
/home/edge-host/Documents/GitHub/embodied_ai/.venv-libero/lib/python3.11/site-packages/numba/core/__pycache__/serialize.cpython-311.pyc
/home/edge-host/Documents/GitHub/embodied_ai/.venv-libero/lib/python3.11/site-packages/numba/core/__pycache__/sigutils.cpython-311.pyc
/home/edge-host/Documents/GitHub/embodied_ai/.venv-libero/lib/python3.11/site-packages/numba/core/__pycache__/ssa.cpython-311.pyc
/home/edge-host/Documents/GitHub/embodied_ai/.venv-libero/lib/python3.11/site-packages/numba/core/__pycache__/target_extension.cpython-311.pyc
/home/edge-host/Documents/GitHub/embodied_ai/.venv-libero/lib/python3.11/site-packages/numba/core/__pycache__/targetconfig.cpython-311.pyc
/home/edge-host/Documents/GitHub/embodied_ai/.venv-libero/lib/python3.11/site-packages/numba/core/__pycache__/tracing.cpython-311.pyc
/home/edge-host/Documents/GitHub/embodied_ai/.venv-libero/lib/python3.11/site-packages/numba/core/__pycache__/transforms.cpython-311.pyc
/home/edge-host/Documents/GitHub/embodied_ai/.venv-libero/lib/python3.11/site-packages/numba/core/__pycache__/typed_passes.cpython-311.pyc
/home/edge-host/Documents/GitHub/embodied_ai/.venv-libero/lib/python3.11/site-packages/numba/core/__pycache__/typeinfer.cpython-311.pyc
/home/edge-host/Documents/GitHub/embodied_ai/.venv-libero/lib/python3.11/site-packages/numba/core/__pycache__/untyped_passes.cpython-311.pyc
/home/edge-host/Documents/GitHub/embodied_ai/.venv-libero/lib/python3.11/site-packages/numba/core/__pycache__/utils.cpython-311.pyc
/home/edge-host/Documents/GitHub/embodied_ai/.venv-libero/lib/python3.11/site-packages/numba/core/__pycache__/withcontexts.cpython-311.pyc
/home/edge-host/Documents/GitHub/embodied_ai/.venv-libero/lib/python3.11/site-packages/numba/core/annotations/__pycache__/__init__.cpython-311.pyc
/home/edge-host/Documents/GitHub/embodied_ai/.venv-libero/lib/python3.11/site-packages/numba/core/annotations/__pycache__/type_annotations.cpython-311.pyc
/home/edge-host/Documents/GitHub/embodied_ai/.venv-libero/lib/python3.11/site-packages/numba/core/datamodel/__pycache__/__init__.cpython-311.pyc
/home/edge-host/Documents/GitHub/embodied_ai/.venv-libero/lib/python3.11/site-packages/numba/core/datamodel/__pycache__/manager.cpython-311.pyc
/home/edge-host/Documents/GitHub/embodied_ai/.venv-libero/lib/python3.11/site-packages/numba/core/datamodel/__pycache__/models.cpython-311.pyc
/home/edge-host/Documents/GitHub/embodied_ai/.venv-libero/lib/python3.11/site-packages/numba/core/datamodel/__pycache__/packer.cpython-311.pyc
/home/edge-host/Documents/GitHub/embodied_ai/.venv-libero/lib/python3.11/site-packages/numba/core/datamodel/__pycache__/registry.cpython-311.pyc
/home/edge-host/Documents/GitHub/embodied_ai/.venv-libero/lib/python3.11/site-packages/numba/core/rewrites/__pycache__/__init__.cpython-311.pyc
/home/edge-host/Documents/GitHub/embodied_ai/.venv-libero/lib/python3.11/site-packages/numba/core/rewrites/__pycache__/ir_print.cpython-311.pyc
/home/edge-host/Documents/GitHub/embodied_ai/.venv-libero/lib/python3.11/site-packages/numba/core/rewrites/__pycache__/registry.cpython-311.pyc
/home/edge-host/Documents/GitHub/embodied_ai/.venv-libero/lib/python3.11/site-packages/numba/core/rewrites/__pycache__/static_binop.cpython-311.pyc
/home/edge-host/Documents/GitHub/embodied_ai/.venv-libero/lib/python3.11/site-packages/numba/core/rewrites/__pycache__/static_getitem.cpython-311.pyc
/home/edge-host/Documents/GitHub/embodied_ai/.venv-libero/lib/python3.11/site-packages/numba/core/rewrites/__pycache__/static_raise.cpython-311.pyc
/home/edge-host/Documents/GitHub/embodied_ai/.venv-libero/lib/python3.11/site-packages/numba/core/runtime/__pycache__/__init__.cpython-311.pyc
/home/edge-host/Documents/GitHub/embodied_ai/.venv-libero/lib/python3.11/site-packages/numba/core/runtime/__pycache__/nrt.cpython-311.pyc
/home/edge-host/Documents/GitHub/embodied_ai/.venv-libero/lib/python3.11/site-packages/numba/core/runtime/__pycache__/nrtdynmod.cpython-311.pyc
/home/edge-host/Documents/GitHub/embodied_ai/.venv-libero/lib/python3.11/site-packages/numba/core/runtime/__pycache__/nrtopt.cpython-311.pyc
/home/edge-host/Documents/GitHub/embodied_ai/.venv-libero/lib/python3.11/site-packages/numba/core/typeconv/__pycache__/__init__.cpython-311.pyc
/home/edge-host/Documents/GitHub/embodied_ai/.venv-libero/lib/python3.11/site-packages/numba/core/typeconv/__pycache__/castgraph.cpython-311.pyc
/home/edge-host/Documents/GitHub/embodied_ai/.venv-libero/lib/python3.11/site-packages/numba/core/typeconv/__pycache__/rules.cpython-311.pyc
/home/edge-host/Documents/GitHub/embodied_ai/.venv-libero/lib/python3.11/site-packages/numba/core/typeconv/__pycache__/typeconv.cpython-311.pyc
/home/edge-host/Documents/GitHub/embodied_ai/.venv-libero/lib/python3.11/site-packages/numba/core/types/__pycache__/__init__.cpython-311.pyc
/home/edge-host/Documents/GitHub/embodied_ai/.venv-libero/lib/python3.11/site-packages/numba/core/types/__pycache__/abstract.cpython-311.pyc
/home/edge-host/Documents/GitHub/embodied_ai/.venv-libero/lib/python3.11/site-packages/numba/core/types/__pycache__/common.cpython-311.pyc
/home/edge-host/Documents/GitHub/embodied_ai/.venv-libero/lib/python3.11/site-packages/numba/core/types/__pycache__/containers.cpython-311.pyc
/home/edge-host/Documents/GitHub/embodied_ai/.venv-libero/lib/python3.11/site-packages/numba/core/types/__pycache__/function_type.cpython-311.pyc
/home/edge-host/Documents/GitHub/embodied_ai/.venv-libero/lib/python3.11/site-packages/numba/core/types/__pycache__/functions.cpython-311.pyc
/home/edge-host/Documents/GitHub/embodied_ai/.venv-libero/lib/python3.11/site-packages/numba/core/types/__pycache__/iterators.cpython-311.pyc
/home/edge-host/Documents/GitHub/embodied_ai/.venv-libero/lib/python3.11/site-packages/numba/core/types/__pycache__/misc.cpython-311.pyc
/home/edge-host/Documents/GitHub/embodied_ai/.venv-libero/lib/python3.11/site-packages/numba/core/types/__pycache__/npytypes.cpython-311.pyc
/home/edge-host/Documents/GitHub/embodied_ai/.venv-libero/lib/python3.11/site-packages/numba/core/types/__pycache__/scalars.cpython-311.pyc
/home/edge-host/Documents/GitHub/embodied_ai/.venv-libero/lib/python3.11/site-packages/numba/core/typing/__pycache__/__init__.cpython-311.pyc
/home/edge-host/Documents/GitHub/embodied_ai/.venv-libero/lib/python3.11/site-packages/numba/core/typing/__pycache__/arraydecl.cpython-311.pyc
/home/edge-host/Documents/GitHub/embodied_ai/.venv-libero/lib/python3.11/site-packages/numba/core/typing/__pycache__/asnumbatype.cpython-311.pyc
/home/edge-host/Documents/GitHub/embodied_ai/.venv-libero/lib/python3.11/site-packages/numba/core/typing/__pycache__/bufproto.cpython-311.pyc
/home/edge-host/Documents/GitHub/embodied_ai/.venv-libero/lib/python3.11/site-packages/numba/core/typing/__pycache__/builtins.cpython-311.pyc
/home/edge-host/Documents/GitHub/embodied_ai/.venv-libero/lib/python3.11/site-packages/numba/core/typing/__pycache__/cffi_utils.cpython-311.pyc
/home/edge-host/Documents/GitHub/embodied_ai/.venv-libero/lib/python3.11/site-packages/numba/core/typing/__pycache__/cmathdecl.cpython-311.pyc
/home/edge-host/Documents/GitHub/embodied_ai/.venv-libero/lib/python3.11/site-packages/numba/core/typing/__pycache__/collections.cpython-311.pyc
/home/edge-host/Documents/GitHub/embodied_ai/.venv-libero/lib/python3.11/site-packages/numba/core/typing/__pycache__/context.cpython-311.pyc
/home/edge-host/Documents/GitHub/embodied_ai/.venv-libero/lib/python3.11/site-packages/numba/core/typing/__pycache__/ctypes_utils.cpython-311.pyc
/home/edge-host/Documents/GitHub/embodied_ai/.venv-libero/lib/python3.11/site-packages/numba/core/typing/__pycache__/dictdecl.cpython-311.pyc
/home/edge-host/Documents/GitHub/embodied_ai/.venv-libero/lib/python3.11/site-packages/numba/core/typing/__pycache__/enumdecl.cpython-311.pyc
/home/edge-host/Documents/GitHub/embodied_ai/.venv-libero/lib/python3.11/site-packages/numba/core/typing/__pycache__/listdecl.cpython-311.pyc
/home/edge-host/Documents/GitHub/embodied_ai/.venv-libero/lib/python3.11/site-packages/numba/core/typing/__pycache__/mathdecl.cpython-311.pyc
/home/edge-host/Documents/GitHub/embodied_ai/.venv-libero/lib/python3.11/site-packages/numba/core/typing/__pycache__/npydecl.cpython-311.pyc
/home/edge-host/Documents/GitHub/embodied_ai/.venv-libero/lib/python3.11/site-packages/numba/core/typing/__pycache__/setdecl.cpython-311.pyc
/home/edge-host/Documents/GitHub/embodied_ai/.venv-libero/lib/python3.11/site-packages/numba/core/typing/__pycache__/templates.cpython-311.pyc
/home/edge-host/Documents/GitHub/embodied_ai/.venv-libero/lib/python3.11/site-packages/numba/core/typing/__pycache__/typeof.cpython-311.pyc
/home/edge-host/Documents/GitHub/embodied_ai/.venv-libero/lib/python3.11/site-packages/numba/core/unsafe/__pycache__/__init__.cpython-311.pyc
/home/edge-host/Documents/GitHub/embodied_ai/.venv-libero/lib/python3.11/site-packages/numba/core/unsafe/__pycache__/bytes.cpython-311.pyc
/home/edge-host/Documents/GitHub/embodied_ai/.venv-libero/lib/python3.11/site-packages/numba/core/unsafe/__pycache__/eh.cpython-311.pyc
/home/edge-host/Documents/GitHub/embodied_ai/.venv-libero/lib/python3.11/site-packages/numba/cpython/__pycache__/__init__.cpython-311.pyc
/home/edge-host/Documents/GitHub/embodied_ai/.venv-libero/lib/python3.11/site-packages/numba/cpython/__pycache__/_binomial.cpython-311.pyc
/home/edge-host/Documents/GitHub/embodied_ai/.venv-libero/lib/python3.11/site-packages/numba/cpython/__pycache__/builtins.cpython-311.pyc
/home/edge-host/Documents/GitHub/embodied_ai/.venv-libero/lib/python3.11/site-packages/numba/cpython/__pycache__/charseq.cpython-311.pyc
/home/edge-host/Documents/GitHub/embodied_ai/.venv-libero/lib/python3.11/site-packages/numba/cpython/__pycache__/cmathimpl.cpython-311.pyc
/home/edge-host/Documents/GitHub/embodied_ai/.venv-libero/lib/python3.11/site-packages/numba/cpython/__pycache__/enumimpl.cpython-311.pyc
/home/edge-host/Documents/GitHub/embodied_ai/.venv-libero/lib/python3.11/site-packages/numba/cpython/__pycache__/hashing.cpython-311.pyc
/home/edge-host/Documents/GitHub/embodied_ai/.venv-libero/lib/python3.11/site-packages/numba/cpython/__pycache__/heapq.cpython-311.pyc
/home/edge-host/Documents/GitHub/embodied_ai/.venv-libero/lib/python3.11/site-packages/numba/cpython/__pycache__/iterators.cpython-311.pyc
/home/edge-host/Documents/GitHub/embodied_ai/.venv-libero/lib/python3.11/site-packages/numba/cpython/__pycache__/listobj.cpython-311.pyc
/home/edge-host/Documents/GitHub/embodied_ai/.venv-libero/lib/python3.11/site-packages/numba/cpython/__pycache__/mathimpl.cpython-311.pyc
/home/edge-host/Documents/GitHub/embodied_ai/.venv-libero/lib/python3.11/site-packages/numba/cpython/__pycache__/numbers.cpython-311.pyc
/home/edge-host/Documents/GitHub/embodied_ai/.venv-libero/lib/python3.11/site-packages/numba/cpython/__pycache__/printimpl.cpython-311.pyc
/home/edge-host/Documents/GitHub/embodied_ai/.venv-libero/lib/python3.11/site-packages/numba/cpython/__pycache__/randomimpl.cpython-311.pyc
/home/edge-host/Documents/GitHub/embodied_ai/.venv-libero/lib/python3.11/site-packages/numba/cpython/__pycache__/rangeobj.cpython-311.pyc
/home/edge-host/Documents/GitHub/embodied_ai/.venv-libero/lib/python3.11/site-packages/numba/cpython/__pycache__/setobj.cpython-311.pyc
/home/edge-host/Documents/GitHub/embodied_ai/.venv-libero/lib/python3.11/site-packages/numba/cpython/__pycache__/slicing.cpython-311.pyc
/home/edge-host/Documents/GitHub/embodied_ai/.venv-libero/lib/python3.11/site-packages/numba/cpython/__pycache__/tupleobj.cpython-311.pyc
/home/edge-host/Documents/GitHub/embodied_ai/.venv-libero/lib/python3.11/site-packages/numba/cpython/__pycache__/unicode.cpython-311.pyc
/home/edge-host/Documents/GitHub/embodied_ai/.venv-libero/lib/python3.11/site-packages/numba/cpython/__pycache__/unicode_support.cpython-311.pyc
/home/edge-host/Documents/GitHub/embodied_ai/.venv-libero/lib/python3.11/site-packages/numba/cpython/unsafe/__pycache__/__init__.cpython-311.pyc
/home/edge-host/Documents/GitHub/embodied_ai/.venv-libero/lib/python3.11/site-packages/numba/cpython/unsafe/__pycache__/numbers.cpython-311.pyc
/home/edge-host/Documents/GitHub/embodied_ai/.venv-libero/lib/python3.11/site-packages/numba/cpython/unsafe/__pycache__/tuple.cpython-311.pyc
/home/edge-host/Documents/GitHub/embodied_ai/.venv-libero/lib/python3.11/site-packages/numba/experimental/__pycache__/__init__.cpython-311.pyc
/home/edge-host/Documents/GitHub/embodied_ai/.venv-libero/lib/python3.11/site-packages/numba/experimental/__pycache__/function_type.cpython-311.pyc
/home/edge-host/Documents/GitHub/embodied_ai/.venv-libero/lib/python3.11/site-packages/numba/experimental/jitclass/__pycache__/__init__.cpython-311.pyc
/home/edge-host/Documents/GitHub/embodied_ai/.venv-libero/lib/python3.11/site-packages/numba/experimental/jitclass/__pycache__/base.cpython-311.pyc
/home/edge-host/Documents/GitHub/embodied_ai/.venv-libero/lib/python3.11/site-packages/numba/experimental/jitclass/__pycache__/boxing.cpython-311.pyc
/home/edge-host/Documents/GitHub/embodied_ai/.venv-libero/lib/python3.11/site-packages/numba/experimental/jitclass/__pycache__/decorators.cpython-311.pyc
/home/edge-host/Documents/GitHub/embodied_ai/.venv-libero/lib/python3.11/site-packages/numba/experimental/jitclass/__pycache__/overloads.cpython-311.pyc
/home/edge-host/Documents/GitHub/embodied_ai/.venv-libero/lib/python3.11/site-packages/numba/misc/__pycache__/__init__.cpython-311.pyc
/home/edge-host/Documents/GitHub/embodied_ai/.venv-libero/lib/python3.11/site-packages/numba/misc/__pycache__/appdirs.cpython-311.pyc
/home/edge-host/Documents/GitHub/embodied_ai/.venv-libero/lib/python3.11/site-packages/numba/misc/__pycache__/cffiimpl.cpython-311.pyc
/home/edge-host/Documents/GitHub/embodied_ai/.venv-libero/lib/python3.11/site-packages/numba/misc/__pycache__/coverage_support.cpython-311.pyc
/home/edge-host/Documents/GitHub/embodied_ai/.venv-libero/lib/python3.11/site-packages/numba/misc/__pycache__/firstlinefinder.cpython-311.pyc
/home/edge-host/Documents/GitHub/embodied_ai/.venv-libero/lib/python3.11/site-packages/numba/misc/__pycache__/gdb_hook.cpython-311.pyc
/home/edge-host/Documents/GitHub/embodied_ai/.venv-libero/lib/python3.11/site-packages/numba/misc/__pycache__/init_utils.cpython-311.pyc
/home/edge-host/Documents/GitHub/embodied_ai/.venv-libero/lib/python3.11/site-packages/numba/misc/__pycache__/inspection.cpython-311.pyc
/home/edge-host/Documents/GitHub/embodied_ai/.venv-libero/lib/python3.11/site-packages/numba/misc/__pycache__/literal.cpython-311.pyc
/home/edge-host/Documents/GitHub/embodied_ai/.venv-libero/lib/python3.11/site-packages/numba/misc/__pycache__/llvm_pass_timings.cpython-311.pyc
/home/edge-host/Documents/GitHub/embodied_ai/.venv-libero/lib/python3.11/site-packages/numba/misc/__pycache__/mergesort.cpython-311.pyc
/home/edge-host/Documents/GitHub/embodied_ai/.venv-libero/lib/python3.11/site-packages/numba/misc/__pycache__/quicksort.cpython-311.pyc
/home/edge-host/Documents/GitHub/embodied_ai/.venv-libero/lib/python3.11/site-packages/numba/misc/__pycache__/special.cpython-311.pyc
/home/edge-host/Documents/GitHub/embodied_ai/.venv-libero/lib/python3.11/site-packages/numba/np/__pycache__/__init__.cpython-311.pyc
/home/edge-host/Documents/GitHub/embodied_ai/.venv-libero/lib/python3.11/site-packages/numba/np/__pycache__/arraymath.cpython-311.pyc
/home/edge-host/Documents/GitHub/embodied_ai/.venv-libero/lib/python3.11/site-packages/numba/np/__pycache__/arrayobj.cpython-311.pyc
/home/edge-host/Documents/GitHub/embodied_ai/.venv-libero/lib/python3.11/site-packages/numba/np/__pycache__/linalg.cpython-311.pyc
/home/edge-host/Documents/GitHub/embodied_ai/.venv-libero/lib/python3.11/site-packages/numba/np/__pycache__/npdatetime.cpython-311.pyc
/home/edge-host/Documents/GitHub/embodied_ai/.venv-libero/lib/python3.11/site-packages/numba/np/__pycache__/npdatetime_helpers.cpython-311.pyc
/home/edge-host/Documents/GitHub/embodied_ai/.venv-libero/lib/python3.11/site-packages/numba/np/__pycache__/npyfuncs.cpython-311.pyc
/home/edge-host/Documents/GitHub/embodied_ai/.venv-libero/lib/python3.11/site-packages/numba/np/__pycache__/npyimpl.cpython-311.pyc
/home/edge-host/Documents/GitHub/embodied_ai/.venv-libero/lib/python3.11/site-packages/numba/np/__pycache__/numpy_support.cpython-311.pyc
/home/edge-host/Documents/GitHub/embodied_ai/.venv-libero/lib/python3.11/site-packages/numba/np/__pycache__/ufunc_db.cpython-311.pyc
/home/edge-host/Documents/GitHub/embodied_ai/.venv-libero/lib/python3.11/site-packages/numba/np/math/__pycache__/__init__.cpython-311.pyc
/home/edge-host/Documents/GitHub/embodied_ai/.venv-libero/lib/python3.11/site-packages/numba/np/math/__pycache__/cmathimpl.cpython-311.pyc
/home/edge-host/Documents/GitHub/embodied_ai/.venv-libero/lib/python3.11/site-packages/numba/np/math/__pycache__/mathimpl.cpython-311.pyc
/home/edge-host/Documents/GitHub/embodied_ai/.venv-libero/lib/python3.11/site-packages/numba/np/math/__pycache__/numbers.cpython-311.pyc
/home/edge-host/Documents/GitHub/embodied_ai/.venv-libero/lib/python3.11/site-packages/numba/np/polynomial/__pycache__/__init__.cpython-311.pyc
/home/edge-host/Documents/GitHub/embodied_ai/.venv-libero/lib/python3.11/site-packages/numba/np/polynomial/__pycache__/polynomial_core.cpython-311.pyc
/home/edge-host/Documents/GitHub/embodied_ai/.venv-libero/lib/python3.11/site-packages/numba/np/polynomial/__pycache__/polynomial_functions.cpython-311.pyc
/home/edge-host/Documents/GitHub/embodied_ai/.venv-libero/lib/python3.11/site-packages/numba/np/random/__pycache__/__init__.cpython-311.pyc
/home/edge-host/Documents/GitHub/embodied_ai/.venv-libero/lib/python3.11/site-packages/numba/np/random/__pycache__/_constants.cpython-311.pyc
/home/edge-host/Documents/GitHub/embodied_ai/.venv-libero/lib/python3.11/site-packages/numba/np/random/__pycache__/distributions.cpython-311.pyc
/home/edge-host/Documents/GitHub/embodied_ai/.venv-libero/lib/python3.11/site-packages/numba/np/random/__pycache__/generator_core.cpython-311.pyc
/home/edge-host/Documents/GitHub/embodied_ai/.venv-libero/lib/python3.11/site-packages/numba/np/random/__pycache__/generator_methods.cpython-311.pyc
/home/edge-host/Documents/GitHub/embodied_ai/.venv-libero/lib/python3.11/site-packages/numba/np/random/__pycache__/random_methods.cpython-311.pyc
/home/edge-host/Documents/GitHub/embodied_ai/.venv-libero/lib/python3.11/site-packages/numba/np/types/__pycache__/__init__.cpython-311.pyc
/home/edge-host/Documents/GitHub/embodied_ai/.venv-libero/lib/python3.11/site-packages/numba/np/types/__pycache__/datetime.cpython-311.pyc
/home/edge-host/Documents/GitHub/embodied_ai/.venv-libero/lib/python3.11/site-packages/numba/np/types/__pycache__/datetime_registry.cpython-311.pyc
/home/edge-host/Documents/GitHub/embodied_ai/.venv-libero/lib/python3.11/site-packages/numba/np/ufunc/__pycache__/__init__.cpython-311.pyc
/home/edge-host/Documents/GitHub/embodied_ai/.venv-libero/lib/python3.11/site-packages/numba/np/ufunc/__pycache__/array_exprs.cpython-311.pyc
/home/edge-host/Documents/GitHub/embodied_ai/.venv-libero/lib/python3.11/site-packages/numba/np/ufunc/__pycache__/decorators.cpython-311.pyc
/home/edge-host/Documents/GitHub/embodied_ai/.venv-libero/lib/python3.11/site-packages/numba/np/ufunc/__pycache__/dufunc.cpython-311.pyc
/home/edge-host/Documents/GitHub/embodied_ai/.venv-libero/lib/python3.11/site-packages/numba/np/ufunc/__pycache__/gufunc.cpython-311.pyc
/home/edge-host/Documents/GitHub/embodied_ai/.venv-libero/lib/python3.11/site-packages/numba/np/ufunc/__pycache__/parallel.cpython-311.pyc
/home/edge-host/Documents/GitHub/embodied_ai/.venv-libero/lib/python3.11/site-packages/numba/np/ufunc/__pycache__/sigparse.cpython-311.pyc
/home/edge-host/Documents/GitHub/embodied_ai/.venv-libero/lib/python3.11/site-packages/numba/np/ufunc/__pycache__/ufunc_base.cpython-311.pyc
/home/edge-host/Documents/GitHub/embodied_ai/.venv-libero/lib/python3.11/site-packages/numba/np/ufunc/__pycache__/ufuncbuilder.cpython-311.pyc
/home/edge-host/Documents/GitHub/embodied_ai/.venv-libero/lib/python3.11/site-packages/numba/np/ufunc/__pycache__/wrappers.cpython-311.pyc
/home/edge-host/Documents/GitHub/embodied_ai/.venv-libero/lib/python3.11/site-packages/numba/np/unsafe/__pycache__/__init__.cpython-311.pyc
/home/edge-host/Documents/GitHub/embodied_ai/.venv-libero/lib/python3.11/site-packages/numba/np/unsafe/__pycache__/ndarray.cpython-311.pyc
/home/edge-host/Documents/GitHub/embodied_ai/.venv-libero/lib/python3.11/site-packages/numba/parfors/__pycache__/__init__.cpython-311.pyc
/home/edge-host/Documents/GitHub/embodied_ai/.venv-libero/lib/python3.11/site-packages/numba/parfors/__pycache__/array_analysis.cpython-311.pyc
/home/edge-host/Documents/GitHub/embodied_ai/.venv-libero/lib/python3.11/site-packages/numba/parfors/__pycache__/ir_utils.cpython-311.pyc
/home/edge-host/Documents/GitHub/embodied_ai/.venv-libero/lib/python3.11/site-packages/numba/parfors/__pycache__/parfor.cpython-311.pyc
/home/edge-host/Documents/GitHub/embodied_ai/.venv-libero/lib/python3.11/site-packages/numba/parfors/__pycache__/parfor_lowering.cpython-311.pyc
/home/edge-host/Documents/GitHub/embodied_ai/.venv-libero/lib/python3.11/site-packages/numba/parfors/__pycache__/parfor_lowering_utils.cpython-311.pyc
/home/edge-host/Documents/GitHub/embodied_ai/.venv-libero/lib/python3.11/site-packages/numba/stencils/__pycache__/__init__.cpython-311.pyc
/home/edge-host/Documents/GitHub/embodied_ai/.venv-libero/lib/python3.11/site-packages/numba/stencils/__pycache__/stencil.cpython-311.pyc
/home/edge-host/Documents/GitHub/embodied_ai/.venv-libero/lib/python3.11/site-packages/numba/stencils/__pycache__/stencilparfor.cpython-311.pyc
/home/edge-host/Documents/GitHub/embodied_ai/.venv-libero/lib/python3.11/site-packages/numba/typed/__pycache__/__init__.cpython-311.pyc
/home/edge-host/Documents/GitHub/embodied_ai/.venv-libero/lib/python3.11/site-packages/numba/typed/__pycache__/dictimpl.cpython-311.pyc
/home/edge-host/Documents/GitHub/embodied_ai/.venv-libero/lib/python3.11/site-packages/numba/typed/__pycache__/dictobject.cpython-311.pyc
/home/edge-host/Documents/GitHub/embodied_ai/.venv-libero/lib/python3.11/site-packages/numba/typed/__pycache__/listobject.cpython-311.pyc
/home/edge-host/Documents/GitHub/embodied_ai/.venv-libero/lib/python3.11/site-packages/numba/typed/__pycache__/setobject.cpython-311.pyc
/home/edge-host/Documents/GitHub/embodied_ai/.venv-libero/lib/python3.11/site-packages/numba/typed/__pycache__/typeddict.cpython-311.pyc
/home/edge-host/Documents/GitHub/embodied_ai/.venv-libero/lib/python3.11/site-packages/numba/typed/__pycache__/typedlist.cpython-311.pyc
/home/edge-host/Documents/GitHub/embodied_ai/.venv-libero/lib/python3.11/site-packages/numba/typed/__pycache__/typedobjectutils.cpython-311.pyc
/home/edge-host/Documents/GitHub/embodied_ai/.venv-libero/lib/python3.11/site-packages/numba/typed/__pycache__/typedset.cpython-311.pyc
/home/edge-host/Documents/GitHub/embodied_ai/.venv-libero/lib/python3.11/site-packages/numpy-1.26.4.dist-info/entry_points.txt
/home/edge-host/Documents/GitHub/embodied_ai/.venv-libero/lib/python3.11/site-packages/numpy/__pycache__/__config__.cpython-311.pyc
/home/edge-host/Documents/GitHub/embodied_ai/.venv-libero/lib/python3.11/site-packages/numpy/__pycache__/__init__.cpython-311.pyc
/home/edge-host/Documents/GitHub/embodied_ai/.venv-libero/lib/python3.11/site-packages/numpy/__pycache__/_distributor_init.cpython-311.pyc
/home/edge-host/Documents/GitHub/embodied_ai/.venv-libero/lib/python3.11/site-packages/numpy/__pycache__/_globals.cpython-311.pyc
/home/edge-host/Documents/GitHub/embodied_ai/.venv-libero/lib/python3.11/site-packages/numpy/__pycache__/_pytesttester.cpython-311.pyc
/home/edge-host/Documents/GitHub/embodied_ai/.venv-libero/lib/python3.11/site-packages/numpy/__pycache__/ctypeslib.cpython-311.pyc
/home/edge-host/Documents/GitHub/embodied_ai/.venv-libero/lib/python3.11/site-packages/numpy/__pycache__/dtypes.cpython-311.pyc
/home/edge-host/Documents/GitHub/embodied_ai/.venv-libero/lib/python3.11/site-packages/numpy/__pycache__/exceptions.cpython-311.pyc
/home/edge-host/Documents/GitHub/embodied_ai/.venv-libero/lib/python3.11/site-packages/numpy/__pycache__/version.cpython-311.pyc
/home/edge-host/Documents/GitHub/embodied_ai/.venv-libero/lib/python3.11/site-packages/numpy/_core/__pycache__/__init__.cpython-311.pyc
/home/edge-host/Documents/GitHub/embodied_ai/.venv-libero/lib/python3.11/site-packages/numpy/_core/__pycache__/_multiarray_umath.cpython-311.pyc
/home/edge-host/Documents/GitHub/embodied_ai/.venv-libero/lib/python3.11/site-packages/numpy/_typing/__pycache__/__init__.cpython-311.pyc
/home/edge-host/Documents/GitHub/embodied_ai/.venv-libero/lib/python3.11/site-packages/numpy/_typing/__pycache__/_add_docstring.cpython-311.pyc
/home/edge-host/Documents/GitHub/embodied_ai/.venv-libero/lib/python3.11/site-packages/numpy/_typing/__pycache__/_array_like.cpython-311.pyc
/home/edge-host/Documents/GitHub/embodied_ai/.venv-libero/lib/python3.11/site-packages/numpy/_typing/__pycache__/_char_codes.cpython-311.pyc
/home/edge-host/Documents/GitHub/embodied_ai/.venv-libero/lib/python3.11/site-packages/numpy/_typing/__pycache__/_dtype_like.cpython-311.pyc
/home/edge-host/Documents/GitHub/embodied_ai/.venv-libero/lib/python3.11/site-packages/numpy/_typing/__pycache__/_nbit.cpython-311.pyc
/home/edge-host/Documents/GitHub/embodied_ai/.venv-libero/lib/python3.11/site-packages/numpy/_typing/__pycache__/_nested_sequence.cpython-311.pyc
/home/edge-host/Documents/GitHub/embodied_ai/.venv-libero/lib/python3.11/site-packages/numpy/_typing/__pycache__/_scalars.cpython-311.pyc
/home/edge-host/Documents/GitHub/embodied_ai/.venv-libero/lib/python3.11/site-packages/numpy/_typing/__pycache__/_shape.cpython-311.pyc
/home/edge-host/Documents/GitHub/embodied_ai/.venv-libero/lib/python3.11/site-packages/numpy/_utils/__pycache__/__init__.cpython-311.pyc
/home/edge-host/Documents/GitHub/embodied_ai/.venv-libero/lib/python3.11/site-packages/numpy/_utils/__pycache__/_convertions.cpython-311.pyc
/home/edge-host/Documents/GitHub/embodied_ai/.venv-libero/lib/python3.11/site-packages/numpy/_utils/__pycache__/_inspect.cpython-311.pyc
/home/edge-host/Documents/GitHub/embodied_ai/.venv-libero/lib/python3.11/site-packages/numpy/compat/__pycache__/__init__.cpython-311.pyc
/home/edge-host/Documents/GitHub/embodied_ai/.venv-libero/lib/python3.11/site-packages/numpy/compat/__pycache__/py3k.cpython-311.pyc
/home/edge-host/Documents/GitHub/embodied_ai/.venv-libero/lib/python3.11/site-packages/numpy/core/__pycache__/__init__.cpython-311.pyc
/home/edge-host/Documents/GitHub/embodied_ai/.venv-libero/lib/python3.11/site-packages/numpy/core/__pycache__/_add_newdocs.cpython-311.pyc
/home/edge-host/Documents/GitHub/embodied_ai/.venv-libero/lib/python3.11/site-packages/numpy/core/__pycache__/_add_newdocs_scalars.cpython-311.pyc
/home/edge-host/Documents/GitHub/embodied_ai/.venv-libero/lib/python3.11/site-packages/numpy/core/__pycache__/_asarray.cpython-311.pyc
/home/edge-host/Documents/GitHub/embodied_ai/.venv-libero/lib/python3.11/site-packages/numpy/core/__pycache__/_dtype.cpython-311.pyc
/home/edge-host/Documents/GitHub/embodied_ai/.venv-libero/lib/python3.11/site-packages/numpy/core/__pycache__/_dtype_ctypes.cpython-311.pyc
/home/edge-host/Documents/GitHub/embodied_ai/.venv-libero/lib/python3.11/site-packages/numpy/core/__pycache__/_exceptions.cpython-311.pyc
/home/edge-host/Documents/GitHub/embodied_ai/.venv-libero/lib/python3.11/site-packages/numpy/core/__pycache__/_internal.cpython-311.pyc
/home/edge-host/Documents/GitHub/embodied_ai/.venv-libero/lib/python3.11/site-packages/numpy/core/__pycache__/_machar.cpython-311.pyc
/home/edge-host/Documents/GitHub/embodied_ai/.venv-libero/lib/python3.11/site-packages/numpy/core/__pycache__/_methods.cpython-311.pyc
/home/edge-host/Documents/GitHub/embodied_ai/.venv-libero/lib/python3.11/site-packages/numpy/core/__pycache__/_string_helpers.cpython-311.pyc
/home/edge-host/Documents/GitHub/embodied_ai/.venv-libero/lib/python3.11/site-packages/numpy/core/__pycache__/_type_aliases.cpython-311.pyc
/home/edge-host/Documents/GitHub/embodied_ai/.venv-libero/lib/python3.11/site-packages/numpy/core/__pycache__/_ufunc_config.cpython-311.pyc
/home/edge-host/Documents/GitHub/embodied_ai/.venv-libero/lib/python3.11/site-packages/numpy/core/__pycache__/arrayprint.cpython-311.pyc
/home/edge-host/Documents/GitHub/embodied_ai/.venv-libero/lib/python3.11/site-packages/numpy/core/__pycache__/defchararray.cpython-311.pyc
/home/edge-host/Documents/GitHub/embodied_ai/.venv-libero/lib/python3.11/site-packages/numpy/core/__pycache__/einsumfunc.cpython-311.pyc
/home/edge-host/Documents/GitHub/embodied_ai/.venv-libero/lib/python3.11/site-packages/numpy/core/__pycache__/fromnumeric.cpython-311.pyc
/home/edge-host/Documents/GitHub/embodied_ai/.venv-libero/lib/python3.11/site-packages/numpy/core/__pycache__/function_base.cpython-311.pyc
/home/edge-host/Documents/GitHub/embodied_ai/.venv-libero/lib/python3.11/site-packages/numpy/core/__pycache__/getlimits.cpython-311.pyc
/home/edge-host/Documents/GitHub/embodied_ai/.venv-libero/lib/python3.11/site-packages/numpy/core/__pycache__/memmap.cpython-311.pyc
/home/edge-host/Documents/GitHub/embodied_ai/.venv-libero/lib/python3.11/site-packages/numpy/core/__pycache__/multiarray.cpython-311.pyc
/home/edge-host/Documents/GitHub/embodied_ai/.venv-libero/lib/python3.11/site-packages/numpy/core/__pycache__/numeric.cpython-311.pyc
/home/edge-host/Documents/GitHub/embodied_ai/.venv-libero/lib/python3.11/site-packages/numpy/core/__pycache__/numerictypes.cpython-311.pyc
/home/edge-host/Documents/GitHub/embodied_ai/.venv-libero/lib/python3.11/site-packages/numpy/core/__pycache__/overrides.cpython-311.pyc
/home/edge-host/Documents/GitHub/embodied_ai/.venv-libero/lib/python3.11/site-packages/numpy/core/__pycache__/records.cpython-311.pyc
/home/edge-host/Documents/GitHub/embodied_ai/.venv-libero/lib/python3.11/site-packages/numpy/core/__pycache__/shape_base.cpython-311.pyc
/home/edge-host/Documents/GitHub/embodied_ai/.venv-libero/lib/python3.11/site-packages/numpy/core/__pycache__/umath.cpython-311.pyc
/home/edge-host/Documents/GitHub/embodied_ai/.venv-libero/lib/python3.11/site-packages/numpy/fft/__pycache__/__init__.cpython-311.pyc
/home/edge-host/Documents/GitHub/embodied_ai/.venv-libero/lib/python3.11/site-packages/numpy/fft/__pycache__/_pocketfft.cpython-311.pyc
/home/edge-host/Documents/GitHub/embodied_ai/.venv-libero/lib/python3.11/site-packages/numpy/fft/__pycache__/helper.cpython-311.pyc
/home/edge-host/Documents/GitHub/embodied_ai/.venv-libero/lib/python3.11/site-packages/numpy/lib/__pycache__/__init__.cpython-311.pyc
/home/edge-host/Documents/GitHub/embodied_ai/.venv-libero/lib/python3.11/site-packages/numpy/lib/__pycache__/_datasource.cpython-311.pyc
/home/edge-host/Documents/GitHub/embodied_ai/.venv-libero/lib/python3.11/site-packages/numpy/lib/__pycache__/_iotools.cpython-311.pyc
/home/edge-host/Documents/GitHub/embodied_ai/.venv-libero/lib/python3.11/site-packages/numpy/lib/__pycache__/_version.cpython-311.pyc
/home/edge-host/Documents/GitHub/embodied_ai/.venv-libero/lib/python3.11/site-packages/numpy/lib/__pycache__/arraypad.cpython-311.pyc
/home/edge-host/Documents/GitHub/embodied_ai/.venv-libero/lib/python3.11/site-packages/numpy/lib/__pycache__/arraysetops.cpython-311.pyc
/home/edge-host/Documents/GitHub/embodied_ai/.venv-libero/lib/python3.11/site-packages/numpy/lib/__pycache__/arrayterator.cpython-311.pyc
/home/edge-host/Documents/GitHub/embodied_ai/.venv-libero/lib/python3.11/site-packages/numpy/lib/__pycache__/format.cpython-311.pyc
/home/edge-host/Documents/GitHub/embodied_ai/.venv-libero/lib/python3.11/site-packages/numpy/lib/__pycache__/function_base.cpython-311.pyc
/home/edge-host/Documents/GitHub/embodied_ai/.venv-libero/lib/python3.11/site-packages/numpy/lib/__pycache__/histograms.cpython-311.pyc
/home/edge-host/Documents/GitHub/embodied_ai/.venv-libero/lib/python3.11/site-packages/numpy/lib/__pycache__/index_tricks.cpython-311.pyc
/home/edge-host/Documents/GitHub/embodied_ai/.venv-libero/lib/python3.11/site-packages/numpy/lib/__pycache__/mixins.cpython-311.pyc
/home/edge-host/Documents/GitHub/embodied_ai/.venv-libero/lib/python3.11/site-packages/numpy/lib/__pycache__/nanfunctions.cpython-311.pyc
/home/edge-host/Documents/GitHub/embodied_ai/.venv-libero/lib/python3.11/site-packages/numpy/lib/__pycache__/npyio.cpython-311.pyc
/home/edge-host/Documents/GitHub/embodied_ai/.venv-libero/lib/python3.11/site-packages/numpy/lib/__pycache__/polynomial.cpython-311.pyc
/home/edge-host/Documents/GitHub/embodied_ai/.venv-libero/lib/python3.11/site-packages/numpy/lib/__pycache__/scimath.cpython-311.pyc
/home/edge-host/Documents/GitHub/embodied_ai/.venv-libero/lib/python3.11/site-packages/numpy/lib/__pycache__/shape_base.cpython-311.pyc
/home/edge-host/Documents/GitHub/embodied_ai/.venv-libero/lib/python3.11/site-packages/numpy/lib/__pycache__/stride_tricks.cpython-311.pyc
/home/edge-host/Documents/GitHub/embodied_ai/.venv-libero/lib/python3.11/site-packages/numpy/lib/__pycache__/twodim_base.cpython-311.pyc
/home/edge-host/Documents/GitHub/embodied_ai/.venv-libero/lib/python3.11/site-packages/numpy/lib/__pycache__/type_check.cpython-311.pyc
/home/edge-host/Documents/GitHub/embodied_ai/.venv-libero/lib/python3.11/site-packages/numpy/lib/__pycache__/ufunclike.cpython-311.pyc
/home/edge-host/Documents/GitHub/embodied_ai/.venv-libero/lib/python3.11/site-packages/numpy/lib/__pycache__/utils.cpython-311.pyc
/home/edge-host/Documents/GitHub/embodied_ai/.venv-libero/lib/python3.11/site-packages/numpy/linalg/__pycache__/__init__.cpython-311.pyc
/home/edge-host/Documents/GitHub/embodied_ai/.venv-libero/lib/python3.11/site-packages/numpy/linalg/__pycache__/linalg.cpython-311.pyc
/home/edge-host/Documents/GitHub/embodied_ai/.venv-libero/lib/python3.11/site-packages/numpy/ma/__pycache__/__init__.cpython-311.pyc
/home/edge-host/Documents/GitHub/embodied_ai/.venv-libero/lib/python3.11/site-packages/numpy/ma/__pycache__/core.cpython-311.pyc
/home/edge-host/Documents/GitHub/embodied_ai/.venv-libero/lib/python3.11/site-packages/numpy/ma/__pycache__/extras.cpython-311.pyc
/home/edge-host/Documents/GitHub/embodied_ai/.venv-libero/lib/python3.11/site-packages/numpy/matrixlib/__pycache__/__init__.cpython-311.pyc
/home/edge-host/Documents/GitHub/embodied_ai/.venv-libero/lib/python3.11/site-packages/numpy/matrixlib/__pycache__/defmatrix.cpython-311.pyc
/home/edge-host/Documents/GitHub/embodied_ai/.venv-libero/lib/python3.11/site-packages/numpy/polynomial/__pycache__/__init__.cpython-311.pyc
/home/edge-host/Documents/GitHub/embodied_ai/.venv-libero/lib/python3.11/site-packages/numpy/polynomial/__pycache__/_polybase.cpython-311.pyc
/home/edge-host/Documents/GitHub/embodied_ai/.venv-libero/lib/python3.11/site-packages/numpy/polynomial/__pycache__/chebyshev.cpython-311.pyc
/home/edge-host/Documents/GitHub/embodied_ai/.venv-libero/lib/python3.11/site-packages/numpy/polynomial/__pycache__/hermite.cpython-311.pyc
/home/edge-host/Documents/GitHub/embodied_ai/.venv-libero/lib/python3.11/site-packages/numpy/polynomial/__pycache__/hermite_e.cpython-311.pyc
/home/edge-host/Documents/GitHub/embodied_ai/.venv-libero/lib/python3.11/site-packages/numpy/polynomial/__pycache__/laguerre.cpython-311.pyc
/home/edge-host/Documents/GitHub/embodied_ai/.venv-libero/lib/python3.11/site-packages/numpy/polynomial/__pycache__/legendre.cpython-311.pyc
/home/edge-host/Documents/GitHub/embodied_ai/.venv-libero/lib/python3.11/site-packages/numpy/polynomial/__pycache__/polynomial.cpython-311.pyc
/home/edge-host/Documents/GitHub/embodied_ai/.venv-libero/lib/python3.11/site-packages/numpy/polynomial/__pycache__/polyutils.cpython-311.pyc
/home/edge-host/Documents/GitHub/embodied_ai/.venv-libero/lib/python3.11/site-packages/numpy/random/__pycache__/__init__.cpython-311.pyc
/home/edge-host/Documents/GitHub/embodied_ai/.venv-libero/lib/python3.11/site-packages/numpy/random/__pycache__/_pickle.cpython-311.pyc
/home/edge-host/Documents/GitHub/embodied_ai/.venv-libero/lib/python3.11/site-packages/numpy/testing/__pycache__/__init__.cpython-311.pyc
/home/edge-host/Documents/GitHub/embodied_ai/.venv-libero/lib/python3.11/site-packages/numpy/testing/__pycache__/overrides.cpython-311.pyc
/home/edge-host/Documents/GitHub/embodied_ai/.venv-libero/lib/python3.11/site-packages/numpy/testing/_private/__pycache__/__init__.cpython-311.pyc
/home/edge-host/Documents/GitHub/embodied_ai/.venv-libero/lib/python3.11/site-packages/numpy/testing/_private/__pycache__/extbuild.cpython-311.pyc
/home/edge-host/Documents/GitHub/embodied_ai/.venv-libero/lib/python3.11/site-packages/numpy/testing/_private/__pycache__/utils.cpython-311.pyc
/home/edge-host/Documents/GitHub/embodied_ai/.venv-libero/lib/python3.11/site-packages/numpy/typing/__pycache__/__init__.cpython-311.pyc
/home/edge-host/Documents/GitHub/embodied_ai/.venv-libero/lib/python3.11/site-packages/nvidia_cublas-13.1.1.3.dist-info/entry_points.txt
/home/edge-host/Documents/GitHub/embodied_ai/.venv-libero/lib/python3.11/site-packages/nvidia_cuda_cupti-13.0.85.dist-info/entry_points.txt
/home/edge-host/Documents/GitHub/embodied_ai/.venv-libero/lib/python3.11/site-packages/nvidia_cuda_nvrtc-13.0.88.dist-info/entry_points.txt
/home/edge-host/Documents/GitHub/embodied_ai/.venv-libero/lib/python3.11/site-packages/nvidia_cuda_runtime-13.0.96.dist-info/entry_points.txt
/home/edge-host/Documents/GitHub/embodied_ai/.venv-libero/lib/python3.11/site-packages/nvidia_cudnn_cu13-9.24.0.43.dist-info/entry_points.txt
/home/edge-host/Documents/GitHub/embodied_ai/.venv-libero/lib/python3.11/site-packages/nvidia_cufft-12.0.0.61.dist-info/entry_points.txt
/home/edge-host/Documents/GitHub/embodied_ai/.venv-libero/lib/python3.11/site-packages/nvidia_cufile-1.15.1.6.dist-info/entry_points.txt
/home/edge-host/Documents/GitHub/embodied_ai/.venv-libero/lib/python3.11/site-packages/nvidia_curand-10.4.0.35.dist-info/entry_points.txt
/home/edge-host/Documents/GitHub/embodied_ai/.venv-libero/lib/python3.11/site-packages/nvidia_cusolver-12.0.4.66.dist-info/entry_points.txt
/home/edge-host/Documents/GitHub/embodied_ai/.venv-libero/lib/python3.11/site-packages/nvidia_cusparse-12.6.3.3.dist-info/entry_points.txt
/home/edge-host/Documents/GitHub/embodied_ai/.venv-libero/lib/python3.11/site-packages/nvidia_cusparselt_cu13-0.8.1.dist-info/entry_points.txt
/home/edge-host/Documents/GitHub/embodied_ai/.venv-libero/lib/python3.11/site-packages/nvidia_nccl_cu13-2.30.7.dist-info/entry_points.txt
/home/edge-host/Documents/GitHub/embodied_ai/.venv-libero/lib/python3.11/site-packages/nvidia_nvjitlink-13.3.33.dist-info/entry_points.txt
/home/edge-host/Documents/GitHub/embodied_ai/.venv-libero/lib/python3.11/site-packages/nvidia_nvshmem_cu13-3.4.5.dist-info/entry_points.txt
/home/edge-host/Documents/GitHub/embodied_ai/.venv-libero/lib/python3.11/site-packages/nvidia_nvtx-13.0.85.dist-info/entry_points.txt
/home/edge-host/Documents/GitHub/embodied_ai/.venv-libero/lib/python3.11/site-packages/opencv_python-4.11.0.86.dist-info/entry_points.txt
/home/edge-host/Documents/GitHub/embodied_ai/.venv-libero/lib/python3.11/site-packages/packaging-26.3.dist-info/entry_points.txt
/home/edge-host/Documents/GitHub/embodied_ai/.venv-libero/lib/python3.11/site-packages/packaging/__pycache__/__init__.cpython-311.pyc
/home/edge-host/Documents/GitHub/embodied_ai/.venv-libero/lib/python3.11/site-packages/packaging/__pycache__/version.cpython-311.pyc
/home/edge-host/Documents/GitHub/embodied_ai/.venv-libero/lib/python3.11/site-packages/pillow-12.3.0.dist-info/entry_points.txt
/home/edge-host/Documents/GitHub/embodied_ai/.venv-libero/lib/python3.11/site-packages/platformdirs-4.11.7.dist-info/entry_points.txt
/home/edge-host/Documents/GitHub/embodied_ai/.venv-libero/lib/python3.11/site-packages/pluggy-1.6.0.dist-info/entry_points.txt
/home/edge-host/Documents/GitHub/embodied_ai/.venv-libero/lib/python3.11/site-packages/pluggy/__pycache__/__init__.cpython-311.pyc
/home/edge-host/Documents/GitHub/embodied_ai/.venv-libero/lib/python3.11/site-packages/pluggy/__pycache__/_callers.cpython-311.pyc
/home/edge-host/Documents/GitHub/embodied_ai/.venv-libero/lib/python3.11/site-packages/pluggy/__pycache__/_hooks.cpython-311.pyc
/home/edge-host/Documents/GitHub/embodied_ai/.venv-libero/lib/python3.11/site-packages/pluggy/__pycache__/_manager.cpython-311.pyc
/home/edge-host/Documents/GitHub/embodied_ai/.venv-libero/lib/python3.11/site-packages/pluggy/__pycache__/_result.cpython-311.pyc
/home/edge-host/Documents/GitHub/embodied_ai/.venv-libero/lib/python3.11/site-packages/pluggy/__pycache__/_tracing.cpython-311.pyc
/home/edge-host/Documents/GitHub/embodied_ai/.venv-libero/lib/python3.11/site-packages/pluggy/__pycache__/_version.cpython-311.pyc
/home/edge-host/Documents/GitHub/embodied_ai/.venv-libero/lib/python3.11/site-packages/pluggy/__pycache__/_warnings.cpython-311.pyc
/home/edge-host/Documents/GitHub/embodied_ai/.venv-libero/lib/python3.11/site-packages/pluggy/_callers.py
/home/edge-host/Documents/GitHub/embodied_ai/.venv-libero/lib/python3.11/site-packages/pluggy/_hooks.py
/home/edge-host/Documents/GitHub/embodied_ai/.venv-libero/lib/python3.11/site-packages/pluggy/_manager.py
/home/edge-host/Documents/GitHub/embodied_ai/.venv-libero/lib/python3.11/site-packages/pygments-2.21.0.dist-info/entry_points.txt
/home/edge-host/Documents/GitHub/embodied_ai/.venv-libero/lib/python3.11/site-packages/pygments/__pycache__/__init__.cpython-311.pyc
/home/edge-host/Documents/GitHub/embodied_ai/.venv-libero/lib/python3.11/site-packages/pygments/__pycache__/console.cpython-311.pyc
/home/edge-host/Documents/GitHub/embodied_ai/.venv-libero/lib/python3.11/site-packages/pygments/__pycache__/filter.cpython-311.pyc
/home/edge-host/Documents/GitHub/embodied_ai/.venv-libero/lib/python3.11/site-packages/pygments/__pycache__/formatter.cpython-311.pyc
/home/edge-host/Documents/GitHub/embodied_ai/.venv-libero/lib/python3.11/site-packages/pygments/__pycache__/lexer.cpython-311.pyc
/home/edge-host/Documents/GitHub/embodied_ai/.venv-libero/lib/python3.11/site-packages/pygments/__pycache__/modeline.cpython-311.pyc
/home/edge-host/Documents/GitHub/embodied_ai/.venv-libero/lib/python3.11/site-packages/pygments/__pycache__/plugin.cpython-311.pyc
/home/edge-host/Documents/GitHub/embodied_ai/.venv-libero/lib/python3.11/site-packages/pygments/__pycache__/regexopt.cpython-311.pyc
/home/edge-host/Documents/GitHub/embodied_ai/.venv-libero/lib/python3.11/site-packages/pygments/__pycache__/token.cpython-311.pyc
/home/edge-host/Documents/GitHub/embodied_ai/.venv-libero/lib/python3.11/site-packages/pygments/__pycache__/unistring.cpython-311.pyc
/home/edge-host/Documents/GitHub/embodied_ai/.venv-libero/lib/python3.11/site-packages/pygments/__pycache__/util.cpython-311.pyc
/home/edge-host/Documents/GitHub/embodied_ai/.venv-libero/lib/python3.11/site-packages/pygments/filters/__pycache__/__init__.cpython-311.pyc
/home/edge-host/Documents/GitHub/embodied_ai/.venv-libero/lib/python3.11/site-packages/pygments/formatters/__pycache__/__init__.cpython-311.pyc
/home/edge-host/Documents/GitHub/embodied_ai/.venv-libero/lib/python3.11/site-packages/pygments/formatters/__pycache__/_mapping.cpython-311.pyc
/home/edge-host/Documents/GitHub/embodied_ai/.venv-libero/lib/python3.11/site-packages/pygments/formatters/__pycache__/terminal.cpython-311.pyc
/home/edge-host/Documents/GitHub/embodied_ai/.venv-libero/lib/python3.11/site-packages/pygments/lexers/__pycache__/__init__.cpython-311.pyc
/home/edge-host/Documents/GitHub/embodied_ai/.venv-libero/lib/python3.11/site-packages/pygments/lexers/__pycache__/_mapping.cpython-311.pyc
/home/edge-host/Documents/GitHub/embodied_ai/.venv-libero/lib/python3.11/site-packages/pygments/lexers/__pycache__/diff.cpython-311.pyc
/home/edge-host/Documents/GitHub/embodied_ai/.venv-libero/lib/python3.11/site-packages/pygments/lexers/__pycache__/python.cpython-311.pyc
/home/edge-host/Documents/GitHub/embodied_ai/.venv-libero/lib/python3.11/site-packages/pygments/styles/__pycache__/__init__.cpython-311.pyc
/home/edge-host/Documents/GitHub/embodied_ai/.venv-libero/lib/python3.11/site-packages/pygments/styles/__pycache__/_mapping.cpython-311.pyc
/home/edge-host/Documents/GitHub/embodied_ai/.venv-libero/lib/python3.11/site-packages/pyopengl-3.1.10.dist-info/entry_points.txt
/home/edge-host/Documents/GitHub/embodied_ai/.venv-libero/lib/python3.11/site-packages/pyparsing-3.3.2.dist-info/entry_points.txt
/home/edge-host/Documents/GitHub/embodied_ai/.venv-libero/lib/python3.11/site-packages/pyparsing/__pycache__/__init__.cpython-311.pyc
/home/edge-host/Documents/GitHub/embodied_ai/.venv-libero/lib/python3.11/site-packages/pyparsing/__pycache__/actions.cpython-311.pyc
/home/edge-host/Documents/GitHub/embodied_ai/.venv-libero/lib/python3.11/site-packages/pyparsing/__pycache__/common.cpython-311.pyc
/home/edge-host/Documents/GitHub/embodied_ai/.venv-libero/lib/python3.11/site-packages/pyparsing/__pycache__/core.cpython-311.pyc
/home/edge-host/Documents/GitHub/embodied_ai/.venv-libero/lib/python3.11/site-packages/pyparsing/__pycache__/exceptions.cpython-311.pyc
/home/edge-host/Documents/GitHub/embodied_ai/.venv-libero/lib/python3.11/site-packages/pyparsing/__pycache__/helpers.cpython-311.pyc
/home/edge-host/Documents/GitHub/embodied_ai/.venv-libero/lib/python3.11/site-packages/pyparsing/__pycache__/results.cpython-311.pyc
/home/edge-host/Documents/GitHub/embodied_ai/.venv-libero/lib/python3.11/site-packages/pyparsing/__pycache__/testing.cpython-311.pyc
/home/edge-host/Documents/GitHub/embodied_ai/.venv-libero/lib/python3.11/site-packages/pyparsing/__pycache__/unicode.cpython-311.pyc
/home/edge-host/Documents/GitHub/embodied_ai/.venv-libero/lib/python3.11/site-packages/pyparsing/__pycache__/util.cpython-311.pyc
/home/edge-host/Documents/GitHub/embodied_ai/.venv-libero/lib/python3.11/site-packages/pyparsing/__pycache__/warnings.cpython-311.pyc
/home/edge-host/Documents/GitHub/embodied_ai/.venv-libero/lib/python3.11/site-packages/pyparsing/core.py
/home/edge-host/Documents/GitHub/embodied_ai/.venv-libero/lib/python3.11/site-packages/pytest-9.1.1.dist-info/entry_points.txt
/home/edge-host/Documents/GitHub/embodied_ai/.venv-libero/lib/python3.11/site-packages/pytest/__main__.py
/home/edge-host/Documents/GitHub/embodied_ai/.venv-libero/lib/python3.11/site-packages/pytest/__pycache__/__init__.cpython-311.pyc
/home/edge-host/Documents/GitHub/embodied_ai/.venv-libero/lib/python3.11/site-packages/pytest/__pycache__/__main__.cpython-311.pyc
/home/edge-host/Documents/GitHub/embodied_ai/.venv-libero/lib/python3.11/site-packages/python_dateutil-2.9.0.post0.dist-info/entry_points.txt
/home/edge-host/Documents/GitHub/embodied_ai/.venv-libero/lib/python3.11/site-packages/pyyaml-6.0.3.dist-info/entry_points.txt
/home/edge-host/Documents/GitHub/embodied_ai/.venv-libero/lib/python3.11/site-packages/referencing-0.37.0.dist-info/entry_points.txt
/home/edge-host/Documents/GitHub/embodied_ai/.venv-libero/lib/python3.11/site-packages/regex-2026.9.3.dist-info/entry_points.txt
/home/edge-host/Documents/GitHub/embodied_ai/.venv-libero/lib/python3.11/site-packages/rich-15.0.0.dist-info/entry_points.txt
/home/edge-host/Documents/GitHub/embodied_ai/.venv-libero/lib/python3.11/site-packages/robosuite-1.4.0.dist-info/entry_points.txt
/home/edge-host/Documents/GitHub/embodied_ai/.venv-libero/lib/python3.11/site-packages/robosuite/__init__.py
/home/edge-host/Documents/GitHub/embodied_ai/.venv-libero/lib/python3.11/site-packages/robosuite/__pycache__/__init__.cpython-311.pyc
/home/edge-host/Documents/GitHub/embodied_ai/.venv-libero/lib/python3.11/site-packages/robosuite/__pycache__/macros.cpython-311.pyc
/home/edge-host/Documents/GitHub/embodied_ai/.venv-libero/lib/python3.11/site-packages/robosuite/controllers/__pycache__/__init__.cpython-311.pyc
/home/edge-host/Documents/GitHub/embodied_ai/.venv-libero/lib/python3.11/site-packages/robosuite/controllers/__pycache__/base_controller.cpython-311.pyc
/home/edge-host/Documents/GitHub/embodied_ai/.venv-libero/lib/python3.11/site-packages/robosuite/controllers/__pycache__/controller_factory.cpython-311.pyc
/home/edge-host/Documents/GitHub/embodied_ai/.venv-libero/lib/python3.11/site-packages/robosuite/controllers/__pycache__/joint_pos.cpython-311.pyc
/home/edge-host/Documents/GitHub/embodied_ai/.venv-libero/lib/python3.11/site-packages/robosuite/controllers/__pycache__/joint_tor.cpython-311.pyc
/home/edge-host/Documents/GitHub/embodied_ai/.venv-libero/lib/python3.11/site-packages/robosuite/controllers/__pycache__/joint_vel.cpython-311.pyc
/home/edge-host/Documents/GitHub/embodied_ai/.venv-libero/lib/python3.11/site-packages/robosuite/controllers/__pycache__/osc.cpython-311.pyc
/home/edge-host/Documents/GitHub/embodied_ai/.venv-libero/lib/python3.11/site-packages/robosuite/controllers/config/joint_position.json
/home/edge-host/Documents/GitHub/embodied_ai/.venv-libero/lib/python3.11/site-packages/robosuite/controllers/interpolators/__pycache__/__init__.cpython-311.pyc
/home/edge-host/Documents/GitHub/embodied_ai/.venv-libero/lib/python3.11/site-packages/robosuite/controllers/interpolators/__pycache__/base_interpolator.cpython-311.pyc
/home/edge-host/Documents/GitHub/embodied_ai/.venv-libero/lib/python3.11/site-packages/robosuite/controllers/interpolators/__pycache__/linear_interpolator.cpython-311.pyc
/home/edge-host/Documents/GitHub/embodied_ai/.venv-libero/lib/python3.11/site-packages/robosuite/environments/__pycache__/__init__.cpython-311.pyc
/home/edge-host/Documents/GitHub/embodied_ai/.venv-libero/lib/python3.11/site-packages/robosuite/environments/__pycache__/base.cpython-311.pyc
/home/edge-host/Documents/GitHub/embodied_ai/.venv-libero/lib/python3.11/site-packages/robosuite/environments/__pycache__/robot_env.cpython-311.pyc
/home/edge-host/Documents/GitHub/embodied_ai/.venv-libero/lib/python3.11/site-packages/robosuite/environments/manipulation/__pycache__/__init__.cpython-311.pyc
/home/edge-host/Documents/GitHub/embodied_ai/.venv-libero/lib/python3.11/site-packages/robosuite/environments/manipulation/__pycache__/door.cpython-311.pyc
/home/edge-host/Documents/GitHub/embodied_ai/.venv-libero/lib/python3.11/site-packages/robosuite/environments/manipulation/__pycache__/lift.cpython-311.pyc
/home/edge-host/Documents/GitHub/embodied_ai/.venv-libero/lib/python3.11/site-packages/robosuite/environments/manipulation/__pycache__/manipulation_env.cpython-311.pyc
/home/edge-host/Documents/GitHub/embodied_ai/.venv-libero/lib/python3.11/site-packages/robosuite/environments/manipulation/__pycache__/nut_assembly.cpython-311.pyc
/home/edge-host/Documents/GitHub/embodied_ai/.venv-libero/lib/python3.11/site-packages/robosuite/environments/manipulation/__pycache__/pick_place.cpython-311.pyc
/home/edge-host/Documents/GitHub/embodied_ai/.venv-libero/lib/python3.11/site-packages/robosuite/environments/manipulation/__pycache__/single_arm_env.cpython-311.pyc
/home/edge-host/Documents/GitHub/embodied_ai/.venv-libero/lib/python3.11/site-packages/robosuite/environments/manipulation/__pycache__/stack.cpython-311.pyc
/home/edge-host/Documents/GitHub/embodied_ai/.venv-libero/lib/python3.11/site-packages/robosuite/environments/manipulation/__pycache__/two_arm_env.cpython-311.pyc
/home/edge-host/Documents/GitHub/embodied_ai/.venv-libero/lib/python3.11/site-packages/robosuite/environments/manipulation/__pycache__/two_arm_handover.cpython-311.pyc
/home/edge-host/Documents/GitHub/embodied_ai/.venv-libero/lib/python3.11/site-packages/robosuite/environments/manipulation/__pycache__/two_arm_lift.cpython-311.pyc
/home/edge-host/Documents/GitHub/embodied_ai/.venv-libero/lib/python3.11/site-packages/robosuite/environments/manipulation/__pycache__/two_arm_peg_in_hole.cpython-311.pyc
/home/edge-host/Documents/GitHub/embodied_ai/.venv-libero/lib/python3.11/site-packages/robosuite/environments/manipulation/__pycache__/wipe.cpython-311.pyc
/home/edge-host/Documents/GitHub/embodied_ai/.venv-libero/lib/python3.11/site-packages/robosuite/models/__pycache__/__init__.cpython-311.pyc
/home/edge-host/Documents/GitHub/embodied_ai/.venv-libero/lib/python3.11/site-packages/robosuite/models/__pycache__/base.cpython-311.pyc
/home/edge-host/Documents/GitHub/embodied_ai/.venv-libero/lib/python3.11/site-packages/robosuite/models/__pycache__/world.cpython-311.pyc
/home/edge-host/Documents/GitHub/embodied_ai/.venv-libero/lib/python3.11/site-packages/robosuite/models/arenas/__pycache__/__init__.cpython-311.pyc
/home/edge-host/Documents/GitHub/embodied_ai/.venv-libero/lib/python3.11/site-packages/robosuite/models/arenas/__pycache__/arena.cpython-311.pyc
/home/edge-host/Documents/GitHub/embodied_ai/.venv-libero/lib/python3.11/site-packages/robosuite/models/arenas/__pycache__/bins_arena.cpython-311.pyc
/home/edge-host/Documents/GitHub/embodied_ai/.venv-libero/lib/python3.11/site-packages/robosuite/models/arenas/__pycache__/empty_arena.cpython-311.pyc
/home/edge-host/Documents/GitHub/embodied_ai/.venv-libero/lib/python3.11/site-packages/robosuite/models/arenas/__pycache__/pegs_arena.cpython-311.pyc
/home/edge-host/Documents/GitHub/embodied_ai/.venv-libero/lib/python3.11/site-packages/robosuite/models/arenas/__pycache__/table_arena.cpython-311.pyc
/home/edge-host/Documents/GitHub/embodied_ai/.venv-libero/lib/python3.11/site-packages/robosuite/models/arenas/__pycache__/wipe_arena.cpython-311.pyc
/home/edge-host/Documents/GitHub/embodied_ai/.venv-libero/lib/python3.11/site-packages/robosuite/models/assets/base.xml
/home/edge-host/Documents/GitHub/embodied_ai/.venv-libero/lib/python3.11/site-packages/robosuite/models/assets/grippers/panda_gripper.xml
/home/edge-host/Documents/GitHub/embodied_ai/.venv-libero/lib/python3.11/site-packages/robosuite/models/assets/mounts/rethink_mount.xml
/home/edge-host/Documents/GitHub/embodied_ai/.venv-libero/lib/python3.11/site-packages/robosuite/models/assets/robots/panda/robot.xml
/home/edge-host/Documents/GitHub/embodied_ai/.venv-libero/lib/python3.11/site-packages/robosuite/models/grippers/__pycache__/__init__.cpython-311.pyc
/home/edge-host/Documents/GitHub/embodied_ai/.venv-libero/lib/python3.11/site-packages/robosuite/models/grippers/__pycache__/gripper_factory.cpython-311.pyc
/home/edge-host/Documents/GitHub/embodied_ai/.venv-libero/lib/python3.11/site-packages/robosuite/models/grippers/__pycache__/gripper_model.cpython-311.pyc
/home/edge-host/Documents/GitHub/embodied_ai/.venv-libero/lib/python3.11/site-packages/robosuite/models/grippers/__pycache__/gripper_tester.cpython-311.pyc
/home/edge-host/Documents/GitHub/embodied_ai/.venv-libero/lib/python3.11/site-packages/robosuite/models/grippers/__pycache__/jaco_three_finger_gripper.cpython-311.pyc
/home/edge-host/Documents/GitHub/embodied_ai/.venv-libero/lib/python3.11/site-packages/robosuite/models/grippers/__pycache__/null_gripper.cpython-311.pyc
/home/edge-host/Documents/GitHub/embodied_ai/.venv-libero/lib/python3.11/site-packages/robosuite/models/grippers/__pycache__/panda_gripper.cpython-311.pyc
/home/edge-host/Documents/GitHub/embodied_ai/.venv-libero/lib/python3.11/site-packages/robosuite/models/grippers/__pycache__/rethink_gripper.cpython-311.pyc
/home/edge-host/Documents/GitHub/embodied_ai/.venv-libero/lib/python3.11/site-packages/robosuite/models/grippers/__pycache__/robotiq_140_gripper.cpython-311.pyc
/home/edge-host/Documents/GitHub/embodied_ai/.venv-libero/lib/python3.11/site-packages/robosuite/models/grippers/__pycache__/robotiq_85_gripper.cpython-311.pyc
/home/edge-host/Documents/GitHub/embodied_ai/.venv-libero/lib/python3.11/site-packages/robosuite/models/grippers/__pycache__/robotiq_three_finger_gripper.cpython-311.pyc
/home/edge-host/Documents/GitHub/embodied_ai/.venv-libero/lib/python3.11/site-packages/robosuite/models/grippers/__pycache__/wiping_gripper.cpython-311.pyc
/home/edge-host/Documents/GitHub/embodied_ai/.venv-libero/lib/python3.11/site-packages/robosuite/models/mounts/__pycache__/__init__.cpython-311.pyc
/home/edge-host/Documents/GitHub/embodied_ai/.venv-libero/lib/python3.11/site-packages/robosuite/models/mounts/__pycache__/mount_factory.cpython-311.pyc
/home/edge-host/Documents/GitHub/embodied_ai/.venv-libero/lib/python3.11/site-packages/robosuite/models/mounts/__pycache__/mount_model.cpython-311.pyc
/home/edge-host/Documents/GitHub/embodied_ai/.venv-libero/lib/python3.11/site-packages/robosuite/models/mounts/__pycache__/null_mount.cpython-311.pyc
/home/edge-host/Documents/GitHub/embodied_ai/.venv-libero/lib/python3.11/site-packages/robosuite/models/mounts/__pycache__/rethink_minimal_mount.cpython-311.pyc
/home/edge-host/Documents/GitHub/embodied_ai/.venv-libero/lib/python3.11/site-packages/robosuite/models/mounts/__pycache__/rethink_mount.cpython-311.pyc
/home/edge-host/Documents/GitHub/embodied_ai/.venv-libero/lib/python3.11/site-packages/robosuite/models/objects/__pycache__/__init__.cpython-311.pyc
/home/edge-host/Documents/GitHub/embodied_ai/.venv-libero/lib/python3.11/site-packages/robosuite/models/objects/__pycache__/generated_objects.cpython-311.pyc
/home/edge-host/Documents/GitHub/embodied_ai/.venv-libero/lib/python3.11/site-packages/robosuite/models/objects/__pycache__/objects.cpython-311.pyc
/home/edge-host/Documents/GitHub/embodied_ai/.venv-libero/lib/python3.11/site-packages/robosuite/models/objects/__pycache__/xml_objects.cpython-311.pyc
/home/edge-host/Documents/GitHub/embodied_ai/.venv-libero/lib/python3.11/site-packages/robosuite/models/objects/composite/__pycache__/__init__.cpython-311.pyc
/home/edge-host/Documents/GitHub/embodied_ai/.venv-libero/lib/python3.11/site-packages/robosuite/models/objects/composite/__pycache__/hammer.cpython-311.pyc
/home/edge-host/Documents/GitHub/embodied_ai/.venv-libero/lib/python3.11/site-packages/robosuite/models/objects/composite/__pycache__/pot_with_handles.cpython-311.pyc
/home/edge-host/Documents/GitHub/embodied_ai/.venv-libero/lib/python3.11/site-packages/robosuite/models/objects/composite_body/__pycache__/__init__.cpython-311.pyc
/home/edge-host/Documents/GitHub/embodied_ai/.venv-libero/lib/python3.11/site-packages/robosuite/models/objects/composite_body/__pycache__/hinged_box.cpython-311.pyc
/home/edge-host/Documents/GitHub/embodied_ai/.venv-libero/lib/python3.11/site-packages/robosuite/models/objects/primitive/__pycache__/__init__.cpython-311.pyc
/home/edge-host/Documents/GitHub/embodied_ai/.venv-libero/lib/python3.11/site-packages/robosuite/models/objects/primitive/__pycache__/ball.cpython-311.pyc
/home/edge-host/Documents/GitHub/embodied_ai/.venv-libero/lib/python3.11/site-packages/robosuite/models/objects/primitive/__pycache__/box.cpython-311.pyc
/home/edge-host/Documents/GitHub/embodied_ai/.venv-libero/lib/python3.11/site-packages/robosuite/models/objects/primitive/__pycache__/capsule.cpython-311.pyc
/home/edge-host/Documents/GitHub/embodied_ai/.venv-libero/lib/python3.11/site-packages/robosuite/models/objects/primitive/__pycache__/cylinder.cpython-311.pyc
/home/edge-host/Documents/GitHub/embodied_ai/.venv-libero/lib/python3.11/site-packages/robosuite/models/robots/__pycache__/__init__.cpython-311.pyc
/home/edge-host/Documents/GitHub/embodied_ai/.venv-libero/lib/python3.11/site-packages/robosuite/models/robots/__pycache__/robot_model.cpython-311.pyc
/home/edge-host/Documents/GitHub/embodied_ai/.venv-libero/lib/python3.11/site-packages/robosuite/models/robots/manipulators/__pycache__/__init__.cpython-311.pyc
/home/edge-host/Documents/GitHub/embodied_ai/.venv-libero/lib/python3.11/site-packages/robosuite/models/robots/manipulators/__pycache__/baxter_robot.cpython-311.pyc
/home/edge-host/Documents/GitHub/embodied_ai/.venv-libero/lib/python3.11/site-packages/robosuite/models/robots/manipulators/__pycache__/iiwa_robot.cpython-311.pyc
/home/edge-host/Documents/GitHub/embodied_ai/.venv-libero/lib/python3.11/site-packages/robosuite/models/robots/manipulators/__pycache__/jaco_robot.cpython-311.pyc
/home/edge-host/Documents/GitHub/embodied_ai/.venv-libero/lib/python3.11/site-packages/robosuite/models/robots/manipulators/__pycache__/kinova3_robot.cpython-311.pyc
/home/edge-host/Documents/GitHub/embodied_ai/.venv-libero/lib/python3.11/site-packages/robosuite/models/robots/manipulators/__pycache__/manipulator_model.cpython-311.pyc
/home/edge-host/Documents/GitHub/embodied_ai/.venv-libero/lib/python3.11/site-packages/robosuite/models/robots/manipulators/__pycache__/panda_robot.cpython-311.pyc
/home/edge-host/Documents/GitHub/embodied_ai/.venv-libero/lib/python3.11/site-packages/robosuite/models/robots/manipulators/__pycache__/sawyer_robot.cpython-311.pyc
/home/edge-host/Documents/GitHub/embodied_ai/.venv-libero/lib/python3.11/site-packages/robosuite/models/robots/manipulators/__pycache__/ur5e_robot.cpython-311.pyc
/home/edge-host/Documents/GitHub/embodied_ai/.venv-libero/lib/python3.11/site-packages/robosuite/models/tasks/__pycache__/__init__.cpython-311.pyc
/home/edge-host/Documents/GitHub/embodied_ai/.venv-libero/lib/python3.11/site-packages/robosuite/models/tasks/__pycache__/manipulation_task.cpython-311.pyc
/home/edge-host/Documents/GitHub/embodied_ai/.venv-libero/lib/python3.11/site-packages/robosuite/models/tasks/__pycache__/task.cpython-311.pyc
/home/edge-host/Documents/GitHub/embodied_ai/.venv-libero/lib/python3.11/site-packages/robosuite/renderers/__pycache__/__init__.cpython-311.pyc
/home/edge-host/Documents/GitHub/embodied_ai/.venv-libero/lib/python3.11/site-packages/robosuite/renderers/__pycache__/base.cpython-311.pyc
/home/edge-host/Documents/GitHub/embodied_ai/.venv-libero/lib/python3.11/site-packages/robosuite/renderers/context/__pycache__/__init__.cpython-311.pyc
/home/edge-host/Documents/GitHub/embodied_ai/.venv-libero/lib/python3.11/site-packages/robosuite/renderers/context/__pycache__/egl_context.cpython-311.pyc
/home/edge-host/Documents/GitHub/embodied_ai/.venv-libero/lib/python3.11/site-packages/robosuite/robots/__pycache__/__init__.cpython-311.pyc
/home/edge-host/Documents/GitHub/embodied_ai/.venv-libero/lib/python3.11/site-packages/robosuite/robots/__pycache__/bimanual.cpython-311.pyc
/home/edge-host/Documents/GitHub/embodied_ai/.venv-libero/lib/python3.11/site-packages/robosuite/robots/__pycache__/manipulator.cpython-311.pyc
/home/edge-host/Documents/GitHub/embodied_ai/.venv-libero/lib/python3.11/site-packages/robosuite/robots/__pycache__/robot.cpython-311.pyc
/home/edge-host/Documents/GitHub/embodied_ai/.venv-libero/lib/python3.11/site-packages/robosuite/robots/__pycache__/single_arm.cpython-311.pyc
/home/edge-host/Documents/GitHub/embodied_ai/.venv-libero/lib/python3.11/site-packages/robosuite/utils/__pycache__
/home/edge-host/Documents/GitHub/embodied_ai/.venv-libero/lib/python3.11/site-packages/robosuite/utils/__pycache__/__init__.cpython-311.pyc
/home/edge-host/Documents/GitHub/embodied_ai/.venv-libero/lib/python3.11/site-packages/robosuite/utils/__pycache__/binding_utils.cpython-311.pyc
/home/edge-host/Documents/GitHub/embodied_ai/.venv-libero/lib/python3.11/site-packages/robosuite/utils/__pycache__/buffers.cpython-311.pyc
/home/edge-host/Documents/GitHub/embodied_ai/.venv-libero/lib/python3.11/site-packages/robosuite/utils/__pycache__/control_utils.cpython-311.pyc
/home/edge-host/Documents/GitHub/embodied_ai/.venv-libero/lib/python3.11/site-packages/robosuite/utils/__pycache__/errors.cpython-311.pyc
/home/edge-host/Documents/GitHub/embodied_ai/.venv-libero/lib/python3.11/site-packages/robosuite/utils/__pycache__/log_utils.cpython-311.pyc
/home/edge-host/Documents/GitHub/embodied_ai/.venv-libero/lib/python3.11/site-packages/robosuite/utils/__pycache__/mjcf_utils.cpython-311.pyc
/home/edge-host/Documents/GitHub/embodied_ai/.venv-libero/lib/python3.11/site-packages/robosuite/utils/__pycache__/numba.cpython-311.pyc
/home/edge-host/Documents/GitHub/embodied_ai/.venv-libero/lib/python3.11/site-packages/robosuite/utils/__pycache__/observables.cpython-311.pyc
/home/edge-host/Documents/GitHub/embodied_ai/.venv-libero/lib/python3.11/site-packages/robosuite/utils/__pycache__/opencv_renderer.cpython-311.pyc
/home/edge-host/Documents/GitHub/embodied_ai/.venv-libero/lib/python3.11/site-packages/robosuite/utils/__pycache__/placement_samplers.cpython-311.pyc
/home/edge-host/Documents/GitHub/embodied_ai/.venv-libero/lib/python3.11/site-packages/robosuite/utils/__pycache__/robot_utils.cpython-311.pyc
/home/edge-host/Documents/GitHub/embodied_ai/.venv-libero/lib/python3.11/site-packages/robosuite/utils/__pycache__/transform_utils.cpython-311.pyc
/home/edge-host/Documents/GitHub/embodied_ai/.venv-libero/lib/python3.11/site-packages/robosuite/utils/__pycache__/transform_utils.mat2quat-316.py311.1.nbc
/home/edge-host/Documents/GitHub/embodied_ai/.venv-libero/lib/python3.11/site-packages/robosuite/utils/__pycache__/transform_utils.mat2quat-316.py311.2.nbc
/home/edge-host/Documents/GitHub/embodied_ai/.venv-libero/lib/python3.11/site-packages/robosuite/utils/__pycache__/transform_utils.mat2quat-316.py311.nbi
/home/edge-host/Documents/GitHub/embodied_ai/.venv-libero/lib/python3.11/site-packages/robosuite/utils/__pycache__/transform_utils.quat2mat-461.py311.1.nbc
/home/edge-host/Documents/GitHub/embodied_ai/.venv-libero/lib/python3.11/site-packages/robosuite/utils/__pycache__/transform_utils.quat2mat-461.py311.nbi
/home/edge-host/Documents/GitHub/embodied_ai/.venv-libero/lib/python3.11/site-packages/rpds_py-2026.6.3.dist-info/entry_points.txt
/home/edge-host/Documents/GitHub/embodied_ai/.venv-libero/lib/python3.11/site-packages/safetensors-0.8.0.dist-info/entry_points.txt
/home/edge-host/Documents/GitHub/embodied_ai/.venv-libero/lib/python3.11/site-packages/scipy-1.17.1.dist-info/entry_points.txt
/home/edge-host/Documents/GitHub/embodied_ai/.venv-libero/lib/python3.11/site-packages/scipy/__pycache__/__config__.cpython-311.pyc
/home/edge-host/Documents/GitHub/embodied_ai/.venv-libero/lib/python3.11/site-packages/scipy/__pycache__/__init__.cpython-311.pyc
/home/edge-host/Documents/GitHub/embodied_ai/.venv-libero/lib/python3.11/site-packages/scipy/__pycache__/_distributor_init.cpython-311.pyc
/home/edge-host/Documents/GitHub/embodied_ai/.venv-libero/lib/python3.11/site-packages/scipy/__pycache__/version.cpython-311.pyc
/home/edge-host/Documents/GitHub/embodied_ai/.venv-libero/lib/python3.11/site-packages/scipy/_lib/__pycache__/__init__.cpython-311.pyc
/home/edge-host/Documents/GitHub/embodied_ai/.venv-libero/lib/python3.11/site-packages/scipy/_lib/__pycache__/_array_api.cpython-311.pyc
/home/edge-host/Documents/GitHub/embodied_ai/.venv-libero/lib/python3.11/site-packages/scipy/_lib/__pycache__/_array_api_compat_vendor.cpython-311.pyc
/home/edge-host/Documents/GitHub/embodied_ai/.venv-libero/lib/python3.11/site-packages/scipy/_lib/__pycache__/_array_api_override.cpython-311.pyc
/home/edge-host/Documents/GitHub/embodied_ai/.venv-libero/lib/python3.11/site-packages/scipy/_lib/__pycache__/_ccallback.cpython-311.pyc
/home/edge-host/Documents/GitHub/embodied_ai/.venv-libero/lib/python3.11/site-packages/scipy/_lib/__pycache__/_docscrape.cpython-311.pyc
/home/edge-host/Documents/GitHub/embodied_ai/.venv-libero/lib/python3.11/site-packages/scipy/_lib/__pycache__/_pep440.cpython-311.pyc
/home/edge-host/Documents/GitHub/embodied_ai/.venv-libero/lib/python3.11/site-packages/scipy/_lib/__pycache__/_sparse.cpython-311.pyc
/home/edge-host/Documents/GitHub/embodied_ai/.venv-libero/lib/python3.11/site-packages/scipy/_lib/__pycache__/_testutils.cpython-311.pyc
/home/edge-host/Documents/GitHub/embodied_ai/.venv-libero/lib/python3.11/site-packages/scipy/_lib/__pycache__/_util.cpython-311.pyc
/home/edge-host/Documents/GitHub/embodied_ai/.venv-libero/lib/python3.11/site-packages/scipy/_lib/__pycache__/deprecation.cpython-311.pyc
/home/edge-host/Documents/GitHub/embodied_ai/.venv-libero/lib/python3.11/site-packages/scipy/_lib/array_api_compat/__pycache__/__init__.cpython-311.pyc
/home/edge-host/Documents/GitHub/embodied_ai/.venv-libero/lib/python3.11/site-packages/scipy/_lib/array_api_compat/__pycache__/_internal.cpython-311.pyc
/home/edge-host/Documents/GitHub/embodied_ai/.venv-libero/lib/python3.11/site-packages/scipy/_lib/array_api_compat/common/__pycache__/__init__.cpython-311.pyc
/home/edge-host/Documents/GitHub/embodied_ai/.venv-libero/lib/python3.11/site-packages/scipy/_lib/array_api_compat/common/__pycache__/_aliases.cpython-311.pyc
/home/edge-host/Documents/GitHub/embodied_ai/.venv-libero/lib/python3.11/site-packages/scipy/_lib/array_api_compat/common/__pycache__/_fft.cpython-311.pyc
/home/edge-host/Documents/GitHub/embodied_ai/.venv-libero/lib/python3.11/site-packages/scipy/_lib/array_api_compat/common/__pycache__/_helpers.cpython-311.pyc
/home/edge-host/Documents/GitHub/embodied_ai/.venv-libero/lib/python3.11/site-packages/scipy/_lib/array_api_compat/common/__pycache__/_linalg.cpython-311.pyc
/home/edge-host/Documents/GitHub/embodied_ai/.venv-libero/lib/python3.11/site-packages/scipy/_lib/array_api_compat/common/__pycache__/_typing.cpython-311.pyc
/home/edge-host/Documents/GitHub/embodied_ai/.venv-libero/lib/python3.11/site-packages/scipy/_lib/array_api_compat/numpy/__pycache__/__init__.cpython-311.pyc
/home/edge-host/Documents/GitHub/embodied_ai/.venv-libero/lib/python3.11/site-packages/scipy/_lib/array_api_compat/numpy/__pycache__/_aliases.cpython-311.pyc
/home/edge-host/Documents/GitHub/embodied_ai/.venv-libero/lib/python3.11/site-packages/scipy/_lib/array_api_compat/numpy/__pycache__/_info.cpython-311.pyc
/home/edge-host/Documents/GitHub/embodied_ai/.venv-libero/lib/python3.11/site-packages/scipy/_lib/array_api_compat/numpy/__pycache__/_typing.cpython-311.pyc
/home/edge-host/Documents/GitHub/embodied_ai/.venv-libero/lib/python3.11/site-packages/scipy/_lib/array_api_compat/numpy/__pycache__/fft.cpython-311.pyc
/home/edge-host/Documents/GitHub/embodied_ai/.venv-libero/lib/python3.11/site-packages/scipy/_lib/array_api_compat/numpy/__pycache__/linalg.cpython-311.pyc
/home/edge-host/Documents/GitHub/embodied_ai/.venv-libero/lib/python3.11/site-packages/scipy/_lib/array_api_extra/__pycache__/__init__.cpython-311.pyc
/home/edge-host/Documents/GitHub/embodied_ai/.venv-libero/lib/python3.11/site-packages/scipy/_lib/array_api_extra/__pycache__/_delegation.cpython-311.pyc
/home/edge-host/Documents/GitHub/embodied_ai/.venv-libero/lib/python3.11/site-packages/scipy/_lib/array_api_extra/__pycache__/testing.cpython-311.pyc
/home/edge-host/Documents/GitHub/embodied_ai/.venv-libero/lib/python3.11/site-packages/scipy/_lib/array_api_extra/_lib/__pycache__/__init__.cpython-311.pyc
/home/edge-host/Documents/GitHub/embodied_ai/.venv-libero/lib/python3.11/site-packages/scipy/_lib/array_api_extra/_lib/__pycache__/_at.cpython-311.pyc
/home/edge-host/Documents/GitHub/embodied_ai/.venv-libero/lib/python3.11/site-packages/scipy/_lib/array_api_extra/_lib/__pycache__/_funcs.cpython-311.pyc
/home/edge-host/Documents/GitHub/embodied_ai/.venv-libero/lib/python3.11/site-packages/scipy/_lib/array_api_extra/_lib/__pycache__/_lazy.cpython-311.pyc
/home/edge-host/Documents/GitHub/embodied_ai/.venv-libero/lib/python3.11/site-packages/scipy/_lib/array_api_extra/_lib/_utils/__pycache__/__init__.cpython-311.pyc
/home/edge-host/Documents/GitHub/embodied_ai/.venv-libero/lib/python3.11/site-packages/scipy/_lib/array_api_extra/_lib/_utils/__pycache__/_compat.cpython-311.pyc
/home/edge-host/Documents/GitHub/embodied_ai/.venv-libero/lib/python3.11/site-packages/scipy/_lib/array_api_extra/_lib/_utils/__pycache__/_helpers.cpython-311.pyc
/home/edge-host/Documents/GitHub/embodied_ai/.venv-libero/lib/python3.11/site-packages/scipy/_lib/array_api_extra/_lib/_utils/__pycache__/_typing.cpython-311.pyc
/home/edge-host/Documents/GitHub/embodied_ai/.venv-libero/lib/python3.11/site-packages/scipy/linalg/__pycache__/__init__.cpython-311.pyc
/home/edge-host/Documents/GitHub/embodied_ai/.venv-libero/lib/python3.11/site-packages/scipy/linalg/__pycache__/_basic.cpython-311.pyc
/home/edge-host/Documents/GitHub/embodied_ai/.venv-libero/lib/python3.11/site-packages/scipy/linalg/__pycache__/_decomp.cpython-311.pyc
/home/edge-host/Documents/GitHub/embodied_ai/.venv-libero/lib/python3.11/site-packages/scipy/linalg/__pycache__/_decomp_cholesky.cpython-311.pyc
/home/edge-host/Documents/GitHub/embodied_ai/.venv-libero/lib/python3.11/site-packages/scipy/linalg/__pycache__/_decomp_cossin.cpython-311.pyc
/home/edge-host/Documents/GitHub/embodied_ai/.venv-libero/lib/python3.11/site-packages/scipy/linalg/__pycache__/_decomp_ldl.cpython-311.pyc
/home/edge-host/Documents/GitHub/embodied_ai/.venv-libero/lib/python3.11/site-packages/scipy/linalg/__pycache__/_decomp_lu.cpython-311.pyc
/home/edge-host/Documents/GitHub/embodied_ai/.venv-libero/lib/python3.11/site-packages/scipy/linalg/__pycache__/_decomp_polar.cpython-311.pyc
/home/edge-host/Documents/GitHub/embodied_ai/.venv-libero/lib/python3.11/site-packages/scipy/linalg/__pycache__/_decomp_qr.cpython-311.pyc
/home/edge-host/Documents/GitHub/embodied_ai/.venv-libero/lib/python3.11/site-packages/scipy/linalg/__pycache__/_decomp_qz.cpython-311.pyc
/home/edge-host/Documents/GitHub/embodied_ai/.venv-libero/lib/python3.11/site-packages/scipy/linalg/__pycache__/_decomp_schur.cpython-311.pyc
/home/edge-host/Documents/GitHub/embodied_ai/.venv-libero/lib/python3.11/site-packages/scipy/linalg/__pycache__/_decomp_svd.cpython-311.pyc
/home/edge-host/Documents/GitHub/embodied_ai/.venv-libero/lib/python3.11/site-packages/scipy/linalg/__pycache__/_expm_frechet.cpython-311.pyc
/home/edge-host/Documents/GitHub/embodied_ai/.venv-libero/lib/python3.11/site-packages/scipy/linalg/__pycache__/_matfuncs.cpython-311.pyc
/home/edge-host/Documents/GitHub/embodied_ai/.venv-libero/lib/python3.11/site-packages/scipy/linalg/__pycache__/_misc.cpython-311.pyc
/home/edge-host/Documents/GitHub/embodied_ai/.venv-libero/lib/python3.11/site-packages/scipy/linalg/__pycache__/_procrustes.cpython-311.pyc
/home/edge-host/Documents/GitHub/embodied_ai/.venv-libero/lib/python3.11/site-packages/scipy/linalg/__pycache__/_sketches.cpython-311.pyc
/home/edge-host/Documents/GitHub/embodied_ai/.venv-libero/lib/python3.11/site-packages/scipy/linalg/__pycache__/_solvers.cpython-311.pyc
/home/edge-host/Documents/GitHub/embodied_ai/.venv-libero/lib/python3.11/site-packages/scipy/linalg/__pycache__/_special_matrices.cpython-311.pyc
/home/edge-host/Documents/GitHub/embodied_ai/.venv-libero/lib/python3.11/site-packages/scipy/linalg/__pycache__/basic.cpython-311.pyc
/home/edge-host/Documents/GitHub/embodied_ai/.venv-libero/lib/python3.11/site-packages/scipy/linalg/__pycache__/blas.cpython-311.pyc
/home/edge-host/Documents/GitHub/embodied_ai/.venv-libero/lib/python3.11/site-packages/scipy/linalg/__pycache__/decomp.cpython-311.pyc
/home/edge-host/Documents/GitHub/embodied_ai/.venv-libero/lib/python3.11/site-packages/scipy/linalg/__pycache__/decomp_cholesky.cpython-311.pyc
/home/edge-host/Documents/GitHub/embodied_ai/.venv-libero/lib/python3.11/site-packages/scipy/linalg/__pycache__/decomp_lu.cpython-311.pyc
/home/edge-host/Documents/GitHub/embodied_ai/.venv-libero/lib/python3.11/site-packages/scipy/linalg/__pycache__/decomp_qr.cpython-311.pyc
/home/edge-host/Documents/GitHub/embodied_ai/.venv-libero/lib/python3.11/site-packages/scipy/linalg/__pycache__/decomp_schur.cpython-311.pyc
/home/edge-host/Documents/GitHub/embodied_ai/.venv-libero/lib/python3.11/site-packages/scipy/linalg/__pycache__/decomp_svd.cpython-311.pyc
/home/edge-host/Documents/GitHub/embodied_ai/.venv-libero/lib/python3.11/site-packages/scipy/linalg/__pycache__/lapack.cpython-311.pyc
/home/edge-host/Documents/GitHub/embodied_ai/.venv-libero/lib/python3.11/site-packages/scipy/linalg/__pycache__/matfuncs.cpython-311.pyc
/home/edge-host/Documents/GitHub/embodied_ai/.venv-libero/lib/python3.11/site-packages/scipy/linalg/__pycache__/misc.cpython-311.pyc
/home/edge-host/Documents/GitHub/embodied_ai/.venv-libero/lib/python3.11/site-packages/scipy/linalg/__pycache__/special_matrices.cpython-311.pyc
/home/edge-host/Documents/GitHub/embodied_ai/.venv-libero/lib/python3.11/site-packages/setuptools-78.1.0.dist-info/entry_points.txt
/home/edge-host/Documents/GitHub/embodied_ai/.venv-libero/lib/python3.11/site-packages/shellingham-1.5.4.dist-info/entry_points.txt
/home/edge-host/Documents/GitHub/embodied_ai/.venv-libero/lib/python3.11/site-packages/six-1.17.0.dist-info/entry_points.txt
/home/edge-host/Documents/GitHub/embodied_ai/.venv-libero/lib/python3.11/site-packages/sympy-1.14.0.dist-info/entry_points.txt
/home/edge-host/Documents/GitHub/embodied_ai/.venv-libero/lib/python3.11/site-packages/termcolor-3.3.0.dist-info/entry_points.txt
/home/edge-host/Documents/GitHub/embodied_ai/.venv-libero/lib/python3.11/site-packages/termcolor/__pycache__/__init__.cpython-311.pyc
/home/edge-host/Documents/GitHub/embodied_ai/.venv-libero/lib/python3.11/site-packages/termcolor/__pycache__/termcolor.cpython-311.pyc
/home/edge-host/Documents/GitHub/embodied_ai/.venv-libero/lib/python3.11/site-packages/tokenizers-0.23.2.dist-info/entry_points.txt
/home/edge-host/Documents/GitHub/embodied_ai/.venv-libero/lib/python3.11/site-packages/torch-2.14.0+cu130.dist-info/entry_points.txt
/home/edge-host/Documents/GitHub/embodied_ai/.venv-libero/lib/python3.11/site-packages/torch/__init__.py
/home/edge-host/Documents/GitHub/embodied_ai/.venv-libero/lib/python3.11/site-packages/torch/__pycache__/_VF.cpython-311.pyc
/home/edge-host/Documents/GitHub/embodied_ai/.venv-libero/lib/python3.11/site-packages/torch/__pycache__/__config__.cpython-311.pyc
/home/edge-host/Documents/GitHub/embodied_ai/.venv-libero/lib/python3.11/site-packages/torch/__pycache__/__future__.cpython-311.pyc
/home/edge-host/Documents/GitHub/embodied_ai/.venv-libero/lib/python3.11/site-packages/torch/__pycache__/__init__.cpython-311.pyc
/home/edge-host/Documents/GitHub/embodied_ai/.venv-libero/lib/python3.11/site-packages/torch/__pycache__/_classes.cpython-311.pyc
/home/edge-host/Documents/GitHub/embodied_ai/.venv-libero/lib/python3.11/site-packages/torch/__pycache__/_compile.cpython-311.pyc
/home/edge-host/Documents/GitHub/embodied_ai/.venv-libero/lib/python3.11/site-packages/torch/__pycache__/_custom_class_base.cpython-311.pyc
/home/edge-host/Documents/GitHub/embodied_ai/.venv-libero/lib/python3.11/site-packages/torch/__pycache__/_custom_ops.cpython-311.pyc
/home/edge-host/Documents/GitHub/embodied_ai/.venv-libero/lib/python3.11/site-packages/torch/__pycache__/_environment.cpython-311.pyc
/home/edge-host/Documents/GitHub/embodied_ai/.venv-libero/lib/python3.11/site-packages/torch/__pycache__/_guards.cpython-311.pyc
/home/edge-host/Documents/GitHub/embodied_ai/.venv-libero/lib/python3.11/site-packages/torch/__pycache__/_jit_internal.cpython-311.pyc
/home/edge-host/Documents/GitHub/embodied_ai/.venv-libero/lib/python3.11/site-packages/torch/__pycache__/_linalg_utils.cpython-311.pyc
/home/edge-host/Documents/GitHub/embodied_ai/.venv-libero/lib/python3.11/site-packages/torch/__pycache__/_lobpcg.cpython-311.pyc
/home/edge-host/Documents/GitHub/embodied_ai/.venv-libero/lib/python3.11/site-packages/torch/__pycache__/_lowrank.cpython-311.pyc
/home/edge-host/Documents/GitHub/embodied_ai/.venv-libero/lib/python3.11/site-packages/torch/__pycache__/_meta_registrations.cpython-311.pyc
/home/edge-host/Documents/GitHub/embodied_ai/.venv-libero/lib/python3.11/site-packages/torch/__pycache__/_ops.cpython-311.pyc
/home/edge-host/Documents/GitHub/embodied_ai/.venv-libero/lib/python3.11/site-packages/torch/__pycache__/_precompile.cpython-311.pyc
/home/edge-host/Documents/GitHub/embodied_ai/.venv-libero/lib/python3.11/site-packages/torch/__pycache__/_size_docs.cpython-311.pyc
/home/edge-host/Documents/GitHub/embodied_ai/.venv-libero/lib/python3.11/site-packages/torch/__pycache__/_sources.cpython-311.pyc
/home/edge-host/Documents/GitHub/embodied_ai/.venv-libero/lib/python3.11/site-packages/torch/__pycache__/_storage_docs.cpython-311.pyc
/home/edge-host/Documents/GitHub/embodied_ai/.venv-libero/lib/python3.11/site-packages/torch/__pycache__/_tensor.cpython-311.pyc
/home/edge-host/Documents/GitHub/embodied_ai/.venv-libero/lib/python3.11/site-packages/torch/__pycache__/_tensor_docs.cpython-311.pyc
/home/edge-host/Documents/GitHub/embodied_ai/.venv-libero/lib/python3.11/site-packages/torch/__pycache__/_tensor_iterator.cpython-311.pyc
/home/edge-host/Documents/GitHub/embodied_ai/.venv-libero/lib/python3.11/site-packages/torch/__pycache__/_tensor_str.cpython-311.pyc
/home/edge-host/Documents/GitHub/embodied_ai/.venv-libero/lib/python3.11/site-packages/torch/__pycache__/_torch_docs.cpython-311.pyc
/home/edge-host/Documents/GitHub/embodied_ai/.venv-libero/lib/python3.11/site-packages/torch/__pycache__/_utils.cpython-311.pyc
/home/edge-host/Documents/GitHub/embodied_ai/.venv-libero/lib/python3.11/site-packages/torch/__pycache__/_utils_internal.cpython-311.pyc
/home/edge-host/Documents/GitHub/embodied_ai/.venv-libero/lib/python3.11/site-packages/torch/__pycache__/_vmap_internals.cpython-311.pyc
/home/edge-host/Documents/GitHub/embodied_ai/.venv-libero/lib/python3.11/site-packages/torch/__pycache__/_weights_only_unpickler.cpython-311.pyc
/home/edge-host/Documents/GitHub/embodied_ai/.venv-libero/lib/python3.11/site-packages/torch/__pycache__/functional.cpython-311.pyc
/home/edge-host/Documents/GitHub/embodied_ai/.venv-libero/lib/python3.11/site-packages/torch/__pycache__/hub.cpython-311.pyc
/home/edge-host/Documents/GitHub/embodied_ai/.venv-libero/lib/python3.11/site-packages/torch/__pycache__/library.cpython-311.pyc
/home/edge-host/Documents/GitHub/embodied_ai/.venv-libero/lib/python3.11/site-packages/torch/__pycache__/overrides.cpython-311.pyc
/home/edge-host/Documents/GitHub/embodied_ai/.venv-libero/lib/python3.11/site-packages/torch/__pycache__/quasirandom.cpython-311.pyc
/home/edge-host/Documents/GitHub/embodied_ai/.venv-libero/lib/python3.11/site-packages/torch/__pycache__/random.cpython-311.pyc
/home/edge-host/Documents/GitHub/embodied_ai/.venv-libero/lib/python3.11/site-packages/torch/__pycache__/return_types.cpython-311.pyc
/home/edge-host/Documents/GitHub/embodied_ai/.venv-libero/lib/python3.11/site-packages/torch/__pycache__/serialization.cpython-311.pyc
/home/edge-host/Documents/GitHub/embodied_ai/.venv-libero/lib/python3.11/site-packages/torch/__pycache__/storage.cpython-311.pyc
/home/edge-host/Documents/GitHub/embodied_ai/.venv-libero/lib/python3.11/site-packages/torch/__pycache__/torch_version.cpython-311.pyc
/home/edge-host/Documents/GitHub/embodied_ai/.venv-libero/lib/python3.11/site-packages/torch/__pycache__/types.cpython-311.pyc
/home/edge-host/Documents/GitHub/embodied_ai/.venv-libero/lib/python3.11/site-packages/torch/__pycache__/version.cpython-311.pyc
/home/edge-host/Documents/GitHub/embodied_ai/.venv-libero/lib/python3.11/site-packages/torch/_awaits/__pycache__/__init__.cpython-311.pyc
/home/edge-host/Documents/GitHub/embodied_ai/.venv-libero/lib/python3.11/site-packages/torch/_custom_op/__pycache__/__init__.cpython-311.pyc
/home/edge-host/Documents/GitHub/embodied_ai/.venv-libero/lib/python3.11/site-packages/torch/_custom_op/__pycache__/autograd.cpython-311.pyc
/home/edge-host/Documents/GitHub/embodied_ai/.venv-libero/lib/python3.11/site-packages/torch/_custom_op/__pycache__/impl.cpython-311.pyc
/home/edge-host/Documents/GitHub/embodied_ai/.venv-libero/lib/python3.11/site-packages/torch/_decomp/__pycache__/__init__.cpython-311.pyc
/home/edge-host/Documents/GitHub/embodied_ai/.venv-libero/lib/python3.11/site-packages/torch/_decomp/__pycache__/decompositions.cpython-311.pyc
/home/edge-host/Documents/GitHub/embodied_ai/.venv-libero/lib/python3.11/site-packages/torch/_dispatch/__pycache__/__init__.cpython-311.pyc
/home/edge-host/Documents/GitHub/embodied_ai/.venv-libero/lib/python3.11/site-packages/torch/_dispatch/__pycache__/python.cpython-311.pyc
/home/edge-host/Documents/GitHub/embodied_ai/.venv-libero/lib/python3.11/site-packages/torch/_export/__pycache__/__init__.cpython-311.pyc
/home/edge-host/Documents/GitHub/embodied_ai/.venv-libero/lib/python3.11/site-packages/torch/_export/__pycache__/config.cpython-311.pyc
/home/edge-host/Documents/GitHub/embodied_ai/.venv-libero/lib/python3.11/site-packages/torch/_export/__pycache__/utils.cpython-311.pyc
/home/edge-host/Documents/GitHub/embodied_ai/.venv-libero/lib/python3.11/site-packages/torch/_export/__pycache__/verifier.cpython-311.pyc
/home/edge-host/Documents/GitHub/embodied_ai/.venv-libero/lib/python3.11/site-packages/torch/_export/__pycache__/wrappers.cpython-311.pyc
/home/edge-host/Documents/GitHub/embodied_ai/.venv-libero/lib/python3.11/site-packages/torch/_export/config.py
/home/edge-host/Documents/GitHub/embodied_ai/.venv-libero/lib/python3.11/site-packages/torch/_functorch/__pycache__/__init__.cpython-311.pyc
/home/edge-host/Documents/GitHub/embodied_ai/.venv-libero/lib/python3.11/site-packages/torch/_functorch/__pycache__/apis.cpython-311.pyc
/home/edge-host/Documents/GitHub/embodied_ai/.venv-libero/lib/python3.11/site-packages/torch/_functorch/__pycache__/autograd_function.cpython-311.pyc
/home/edge-host/Documents/GitHub/embodied_ai/.venv-libero/lib/python3.11/site-packages/torch/_functorch/__pycache__/batch_norm_replacement.cpython-311.pyc
/home/edge-host/Documents/GitHub/embodied_ai/.venv-libero/lib/python3.11/site-packages/torch/_functorch/__pycache__/eager_transforms.cpython-311.pyc
/home/edge-host/Documents/GitHub/embodied_ai/.venv-libero/lib/python3.11/site-packages/torch/_functorch/__pycache__/einops.cpython-311.pyc
/home/edge-host/Documents/GitHub/embodied_ai/.venv-libero/lib/python3.11/site-packages/torch/_functorch/__pycache__/functional_call.cpython-311.pyc
/home/edge-host/Documents/GitHub/embodied_ai/.venv-libero/lib/python3.11/site-packages/torch/_functorch/__pycache__/predispatch.cpython-311.pyc
/home/edge-host/Documents/GitHub/embodied_ai/.venv-libero/lib/python3.11/site-packages/torch/_functorch/__pycache__/pyfunctorch.cpython-311.pyc
/home/edge-host/Documents/GitHub/embodied_ai/.venv-libero/lib/python3.11/site-packages/torch/_functorch/__pycache__/utils.cpython-311.pyc
/home/edge-host/Documents/GitHub/embodied_ai/.venv-libero/lib/python3.11/site-packages/torch/_functorch/__pycache__/vmap.cpython-311.pyc
/home/edge-host/Documents/GitHub/embodied_ai/.venv-libero/lib/python3.11/site-packages/torch/_functorch/_aot_autograd/__pycache__/__init__.cpython-311.pyc
/home/edge-host/Documents/GitHub/embodied_ai/.venv-libero/lib/python3.11/site-packages/torch/_functorch/_aot_autograd/__pycache__/utils.cpython-311.pyc
/home/edge-host/Documents/GitHub/embodied_ai/.venv-libero/lib/python3.11/site-packages/torch/_higher_order_ops/__pycache__/__init__.cpython-311.pyc
/home/edge-host/Documents/GitHub/embodied_ai/.venv-libero/lib/python3.11/site-packages/torch/_higher_order_ops/__pycache__/_invoke_quant.cpython-311.pyc
/home/edge-host/Documents/GitHub/embodied_ai/.venv-libero/lib/python3.11/site-packages/torch/_higher_order_ops/__pycache__/aoti_call_delegate.cpython-311.pyc
/home/edge-host/Documents/GitHub/embodied_ai/.venv-libero/lib/python3.11/site-packages/torch/_higher_order_ops/__pycache__/associative_scan.cpython-311.pyc
/home/edge-host/Documents/GitHub/embodied_ai/.venv-libero/lib/python3.11/site-packages/torch/_higher_order_ops/__pycache__/auto_functionalize.cpython-311.pyc
/home/edge-host/Documents/GitHub/embodied_ai/.venv-libero/lib/python3.11/site-packages/torch/_higher_order_ops/__pycache__/base_hop.cpython-311.pyc
/home/edge-host/Documents/GitHub/embodied_ai/.venv-libero/lib/python3.11/site-packages/torch/_higher_order_ops/__pycache__/cond.cpython-311.pyc
/home/edge-host/Documents/GitHub/embodied_ai/.venv-libero/lib/python3.11/site-packages/torch/_higher_order_ops/__pycache__/effects.cpython-311.pyc
/home/edge-host/Documents/GitHub/embodied_ai/.venv-libero/lib/python3.11/site-packages/torch/_higher_order_ops/__pycache__/executorch_call_delegate.cpython-311.pyc
/home/edge-host/Documents/GitHub/embodied_ai/.venv-libero/lib/python3.11/site-packages/torch/_higher_order_ops/__pycache__/flat_apply.cpython-311.pyc
/home/edge-host/Documents/GitHub/embodied_ai/.venv-libero/lib/python3.11/site-packages/torch/_higher_order_ops/__pycache__/flex_attention.cpython-311.pyc
/home/edge-host/Documents/GitHub/embodied_ai/.venv-libero/lib/python3.11/site-packages/torch/_higher_order_ops/__pycache__/flex_gemm.cpython-311.pyc
/home/edge-host/Documents/GitHub/embodied_ai/.venv-libero/lib/python3.11/site-packages/torch/_higher_order_ops/__pycache__/foreach_map.cpython-311.pyc
/home/edge-host/Documents/GitHub/embodied_ai/.venv-libero/lib/python3.11/site-packages/torch/_higher_order_ops/__pycache__/hints_wrap.cpython-311.pyc
/home/edge-host/Documents/GitHub/embodied_ai/.venv-libero/lib/python3.11/site-packages/torch/_higher_order_ops/__pycache__/inline_asm_elementwise.cpython-311.pyc
/home/edge-host/Documents/GitHub/embodied_ai/.venv-libero/lib/python3.11/site-packages/torch/_higher_order_ops/__pycache__/invoke_leaf_function.cpython-311.pyc
/home/edge-host/Documents/GitHub/embodied_ai/.venv-libero/lib/python3.11/site-packages/torch/_higher_order_ops/__pycache__/invoke_subgraph.cpython-311.pyc
/home/edge-host/Documents/GitHub/embodied_ai/.venv-libero/lib/python3.11/site-packages/torch/_higher_order_ops/__pycache__/local_map.cpython-311.pyc
/home/edge-host/Documents/GitHub/embodied_ai/.venv-libero/lib/python3.11/site-packages/torch/_higher_order_ops/__pycache__/map.cpython-311.pyc
/home/edge-host/Documents/GitHub/embodied_ai/.venv-libero/lib/python3.11/site-packages/torch/_higher_order_ops/__pycache__/out_dtype.cpython-311.pyc
/home/edge-host/Documents/GitHub/embodied_ai/.venv-libero/lib/python3.11/site-packages/torch/_higher_order_ops/__pycache__/partitioner.cpython-311.pyc
/home/edge-host/Documents/GitHub/embodied_ai/.venv-libero/lib/python3.11/site-packages/torch/_higher_order_ops/__pycache__/print.cpython-311.pyc
/home/edge-host/Documents/GitHub/embodied_ai/.venv-libero/lib/python3.11/site-packages/torch/_higher_order_ops/__pycache__/run_const_graph.cpython-311.pyc
/home/edge-host/Documents/GitHub/embodied_ai/.venv-libero/lib/python3.11/site-packages/torch/_higher_order_ops/__pycache__/scan.cpython-311.pyc
/home/edge-host/Documents/GitHub/embodied_ai/.venv-libero/lib/python3.11/site-packages/torch/_higher_order_ops/__pycache__/schema.cpython-311.pyc
/home/edge-host/Documents/GitHub/embodied_ai/.venv-libero/lib/python3.11/site-packages/torch/_higher_order_ops/__pycache__/strict_mode.cpython-311.pyc
/home/edge-host/Documents/GitHub/embodied_ai/.venv-libero/lib/python3.11/site-packages/torch/_higher_order_ops/__pycache__/switch.cpython-311.pyc
/home/edge-host/Documents/GitHub/embodied_ai/.venv-libero/lib/python3.11/site-packages/torch/_higher_order_ops/__pycache__/torchbind.cpython-311.pyc
/home/edge-host/Documents/GitHub/embodied_ai/.venv-libero/lib/python3.11/site-packages/torch/_higher_order_ops/__pycache__/utils.cpython-311.pyc
/home/edge-host/Documents/GitHub/embodied_ai/.venv-libero/lib/python3.11/site-packages/torch/_higher_order_ops/__pycache__/while_loop.cpython-311.pyc
/home/edge-host/Documents/GitHub/embodied_ai/.venv-libero/lib/python3.11/site-packages/torch/_higher_order_ops/__pycache__/wrap.cpython-311.pyc
/home/edge-host/Documents/GitHub/embodied_ai/.venv-libero/lib/python3.11/site-packages/torch/_library/__pycache__/__init__.cpython-311.pyc
/home/edge-host/Documents/GitHub/embodied_ai/.venv-libero/lib/python3.11/site-packages/torch/_library/__pycache__/autograd.cpython-311.pyc
/home/edge-host/Documents/GitHub/embodied_ai/.venv-libero/lib/python3.11/site-packages/torch/_library/__pycache__/custom_ops.cpython-311.pyc
/home/edge-host/Documents/GitHub/embodied_ai/.venv-libero/lib/python3.11/site-packages/torch/_library/__pycache__/effects.cpython-311.pyc
/home/edge-host/Documents/GitHub/embodied_ai/.venv-libero/lib/python3.11/site-packages/torch/_library/__pycache__/fake_class_registry.cpython-311.pyc
/home/edge-host/Documents/GitHub/embodied_ai/.venv-libero/lib/python3.11/site-packages/torch/_library/__pycache__/fake_impl.cpython-311.pyc
/home/edge-host/Documents/GitHub/embodied_ai/.venv-libero/lib/python3.11/site-packages/torch/_library/__pycache__/fake_profile.cpython-311.pyc
/home/edge-host/Documents/GitHub/embodied_ai/.venv-libero/lib/python3.11/site-packages/torch/_library/__pycache__/infer_schema.cpython-311.pyc
/home/edge-host/Documents/GitHub/embodied_ai/.venv-libero/lib/python3.11/site-packages/torch/_library/__pycache__/opaque_object.cpython-311.pyc
/home/edge-host/Documents/GitHub/embodied_ai/.venv-libero/lib/python3.11/site-packages/torch/_library/__pycache__/simple_registry.cpython-311.pyc
/home/edge-host/Documents/GitHub/embodied_ai/.venv-libero/lib/python3.11/site-packages/torch/_library/__pycache__/triton.cpython-311.pyc
/home/edge-host/Documents/GitHub/embodied_ai/.venv-libero/lib/python3.11/site-packages/torch/_library/__pycache__/utils.cpython-311.pyc
/home/edge-host/Documents/GitHub/embodied_ai/.venv-libero/lib/python3.11/site-packages/torch/_library/custom_ops.py
/home/edge-host/Documents/GitHub/embodied_ai/.venv-libero/lib/python3.11/site-packages/torch/_logging/__pycache__/__init__.cpython-311.pyc
/home/edge-host/Documents/GitHub/embodied_ai/.venv-libero/lib/python3.11/site-packages/torch/_logging/__pycache__/_internal.cpython-311.pyc
/home/edge-host/Documents/GitHub/embodied_ai/.venv-libero/lib/python3.11/site-packages/torch/_logging/__pycache__/_registrations.cpython-311.pyc
/home/edge-host/Documents/GitHub/embodied_ai/.venv-libero/lib/python3.11/site-packages/torch/_logging/__pycache__/structured.cpython-311.pyc
/home/edge-host/Documents/GitHub/embodied_ai/.venv-libero/lib/python3.11/site-packages/torch/_native/__pycache__/__init__.cpython-311.pyc
/home/edge-host/Documents/GitHub/embodied_ai/.venv-libero/lib/python3.11/site-packages/torch/_native/__pycache__/common_utils.cpython-311.pyc
/home/edge-host/Documents/GitHub/embodied_ai/.venv-libero/lib/python3.11/site-packages/torch/_native/__pycache__/cutedsl_utils.cpython-311.pyc
/home/edge-host/Documents/GitHub/embodied_ai/.venv-libero/lib/python3.11/site-packages/torch/_native/__pycache__/dsl_registry.cpython-311.pyc
/home/edge-host/Documents/GitHub/embodied_ai/.venv-libero/lib/python3.11/site-packages/torch/_native/__pycache__/helion_utils.cpython-311.pyc
/home/edge-host/Documents/GitHub/embodied_ai/.venv-libero/lib/python3.11/site-packages/torch/_native/__pycache__/instrumentation.cpython-311.pyc
/home/edge-host/Documents/GitHub/embodied_ai/.venv-libero/lib/python3.11/site-packages/torch/_native/__pycache__/nvmath_utils.cpython-311.pyc
/home/edge-host/Documents/GitHub/embodied_ai/.venv-libero/lib/python3.11/site-packages/torch/_native/__pycache__/registry.cpython-311.pyc
/home/edge-host/Documents/GitHub/embodied_ai/.venv-libero/lib/python3.11/site-packages/torch/_native/__pycache__/triton_utils.cpython-311.pyc
/home/edge-host/Documents/GitHub/embodied_ai/.venv-libero/lib/python3.11/site-packages/torch/_native/ops/__pycache__/__init__.cpython-311.pyc
/home/edge-host/Documents/GitHub/embodied_ai/.venv-libero/lib/python3.11/site-packages/torch/_native/ops/bmm_outer_product/__pycache__/__init__.cpython-311.pyc
/home/edge-host/Documents/GitHub/embodied_ai/.venv-libero/lib/python3.11/site-packages/torch/_native/ops/bmm_outer_product/__pycache__/triton_impl.cpython-311.pyc
/home/edge-host/Documents/GitHub/embodied_ai/.venv-libero/lib/python3.11/site-packages/torch/_native/ops/foreach_mm/__pycache__/__init__.cpython-311.pyc
/home/edge-host/Documents/GitHub/embodied_ai/.venv-libero/lib/python3.11/site-packages/torch/_native/ops/foreach_mm/__pycache__/impl.cpython-311.pyc
/home/edge-host/Documents/GitHub/embodied_ai/.venv-libero/lib/python3.11/site-packages/torch/_native/ops/norm/__pycache__/__init__.cpython-311.pyc
/home/edge-host/Documents/GitHub/embodied_ai/.venv-libero/lib/python3.11/site-packages/torch/_native/ops/norm/__pycache__/norms.cpython-311.pyc
/home/edge-host/Documents/GitHub/embodied_ai/.venv-libero/lib/python3.11/site-packages/torch/_native/ops/norm/__pycache__/rmsnorm_impl.cpython-311.pyc
/home/edge-host/Documents/GitHub/embodied_ai/.venv-libero/lib/python3.11/site-packages/torch/_native/ops/polar/__pycache__/__init__.cpython-311.pyc
/home/edge-host/Documents/GitHub/embodied_ai/.venv-libero/lib/python3.11/site-packages/torch/_native/ops/polar/__pycache__/impl.cpython-311.pyc
/home/edge-host/Documents/GitHub/embodied_ai/.venv-libero/lib/python3.11/site-packages/torch/_native/ops/scatter_add/__pycache__/__init__.cpython-311.pyc
/home/edge-host/Documents/GitHub/embodied_ai/.venv-libero/lib/python3.11/site-packages/torch/_native/ops/scatter_add/__pycache__/cutedsl_impl.cpython-311.pyc
/home/edge-host/Documents/GitHub/embodied_ai/.venv-libero/lib/python3.11/site-packages/torch/_native/ops/sum/__pycache__/__init__.cpython-311.pyc
/home/edge-host/Documents/GitHub/embodied_ai/.venv-libero/lib/python3.11/site-packages/torch/_native/ops/sum/__pycache__/cutedsl_impl.cpython-311.pyc
/home/edge-host/Documents/GitHub/embodied_ai/.venv-libero/lib/python3.11/site-packages/torch/_native/ops/topk/__pycache__/__init__.cpython-311.pyc
/home/edge-host/Documents/GitHub/embodied_ai/.venv-libero/lib/python3.11/site-packages/torch/_native/ops/topk/__pycache__/_common.cpython-311.pyc
/home/edge-host/Documents/GitHub/embodied_ai/.venv-libero/lib/python3.11/site-packages/torch/_native/ops/topk/__pycache__/cutedsl_impl.cpython-311.pyc
/home/edge-host/Documents/GitHub/embodied_ai/.venv-libero/lib/python3.11/site-packages/torch/_native/registry.py
/home/edge-host/Documents/GitHub/embodied_ai/.venv-libero/lib/python3.11/site-packages/torch/_prims/__pycache__/__init__.cpython-311.pyc
/home/edge-host/Documents/GitHub/embodied_ai/.venv-libero/lib/python3.11/site-packages/torch/_prims/__pycache__/debug_prims.cpython-311.pyc
/home/edge-host/Documents/GitHub/embodied_ai/.venv-libero/lib/python3.11/site-packages/torch/_prims/__pycache__/rng_prims.cpython-311.pyc
/home/edge-host/Documents/GitHub/embodied_ai/.venv-libero/lib/python3.11/site-packages/torch/_prims_common/__pycache__/__init__.cpython-311.pyc
/home/edge-host/Documents/GitHub/embodied_ai/.venv-libero/lib/python3.11/site-packages/torch/_prims_common/__pycache__/wrappers.cpython-311.pyc
/home/edge-host/Documents/GitHub/embodied_ai/.venv-libero/lib/python3.11/site-packages/torch/_refs/__pycache__/__init__.cpython-311.pyc
/home/edge-host/Documents/GitHub/embodied_ai/.venv-libero/lib/python3.11/site-packages/torch/_refs/__pycache__/_conversions.cpython-311.pyc
/home/edge-host/Documents/GitHub/embodied_ai/.venv-libero/lib/python3.11/site-packages/torch/_refs/__pycache__/fft.cpython-311.pyc
/home/edge-host/Documents/GitHub/embodied_ai/.venv-libero/lib/python3.11/site-packages/torch/_refs/linalg/__pycache__/__init__.cpython-311.pyc
/home/edge-host/Documents/GitHub/embodied_ai/.venv-libero/lib/python3.11/site-packages/torch/_refs/nn/__pycache__/__init__.cpython-311.pyc
/home/edge-host/Documents/GitHub/embodied_ai/.venv-libero/lib/python3.11/site-packages/torch/_refs/nn/functional/__pycache__/__init__.cpython-311.pyc
/home/edge-host/Documents/GitHub/embodied_ai/.venv-libero/lib/python3.11/site-packages/torch/_refs/special/__pycache__/__init__.cpython-311.pyc
/home/edge-host/Documents/GitHub/embodied_ai/.venv-libero/lib/python3.11/site-packages/torch/_strobelight/__pycache__/__init__.cpython-311.pyc
/home/edge-host/Documents/GitHub/embodied_ai/.venv-libero/lib/python3.11/site-packages/torch/_strobelight/__pycache__/cli_function_profiler.cpython-311.pyc
/home/edge-host/Documents/GitHub/embodied_ai/.venv-libero/lib/python3.11/site-packages/torch/_strobelight/__pycache__/compile_time_profiler.cpython-311.pyc
/home/edge-host/Documents/GitHub/embodied_ai/.venv-libero/lib/python3.11/site-packages/torch/_subclasses/__pycache__/__init__.cpython-311.pyc
/home/edge-host/Documents/GitHub/embodied_ai/.venv-libero/lib/python3.11/site-packages/torch/_subclasses/__pycache__/_fake_tensor_utils.cpython-311.pyc
/home/edge-host/Documents/GitHub/embodied_ai/.venv-libero/lib/python3.11/site-packages/torch/_subclasses/__pycache__/fake_impls.cpython-311.pyc
/home/edge-host/Documents/GitHub/embodied_ai/.venv-libero/lib/python3.11/site-packages/torch/_subclasses/__pycache__/fake_tensor.cpython-311.pyc
/home/edge-host/Documents/GitHub/embodied_ai/.venv-libero/lib/python3.11/site-packages/torch/_subclasses/__pycache__/fake_utils.cpython-311.pyc
/home/edge-host/Documents/GitHub/embodied_ai/.venv-libero/lib/python3.11/site-packages/torch/_subclasses/__pycache__/functional_tensor.cpython-311.pyc
/home/edge-host/Documents/GitHub/embodied_ai/.venv-libero/lib/python3.11/site-packages/torch/_subclasses/__pycache__/meta_utils.cpython-311.pyc
/home/edge-host/Documents/GitHub/embodied_ai/.venv-libero/lib/python3.11/site-packages/torch/_vendor/__pycache__/__init__.cpython-311.pyc
/home/edge-host/Documents/GitHub/embodied_ai/.venv-libero/lib/python3.11/site-packages/torch/_vendor/packaging/__pycache__/__init__.cpython-311.pyc
/home/edge-host/Documents/GitHub/embodied_ai/.venv-libero/lib/python3.11/site-packages/torch/_vendor/packaging/__pycache__/_structures.cpython-311.pyc
/home/edge-host/Documents/GitHub/embodied_ai/.venv-libero/lib/python3.11/site-packages/torch/_vendor/packaging/__pycache__/version.cpython-311.pyc
/home/edge-host/Documents/GitHub/embodied_ai/.venv-libero/lib/python3.11/site-packages/torch/accelerator/__pycache__/__init__.cpython-311.pyc
/home/edge-host/Documents/GitHub/embodied_ai/.venv-libero/lib/python3.11/site-packages/torch/accelerator/__pycache__/_utils.cpython-311.pyc
/home/edge-host/Documents/GitHub/embodied_ai/.venv-libero/lib/python3.11/site-packages/torch/accelerator/__pycache__/graphs.cpython-311.pyc
/home/edge-host/Documents/GitHub/embodied_ai/.venv-libero/lib/python3.11/site-packages/torch/accelerator/__pycache__/memory.cpython-311.pyc
/home/edge-host/Documents/GitHub/embodied_ai/.venv-libero/lib/python3.11/site-packages/torch/accelerator/__pycache__/random.cpython-311.pyc
/home/edge-host/Documents/GitHub/embodied_ai/.venv-libero/lib/python3.11/site-packages/torch/amp/__pycache__/__init__.cpython-311.pyc
/home/edge-host/Documents/GitHub/embodied_ai/.venv-libero/lib/python3.11/site-packages/torch/amp/__pycache__/autocast_mode.cpython-311.pyc
/home/edge-host/Documents/GitHub/embodied_ai/.venv-libero/lib/python3.11/site-packages/torch/amp/__pycache__/grad_scaler.cpython-311.pyc
/home/edge-host/Documents/GitHub/embodied_ai/.venv-libero/lib/python3.11/site-packages/torch/ao/__pycache__/__init__.cpython-311.pyc
/home/edge-host/Documents/GitHub/embodied_ai/.venv-libero/lib/python3.11/site-packages/torch/ao/nn/__pycache__/__init__.cpython-311.pyc
/home/edge-host/Documents/GitHub/embodied_ai/.venv-libero/lib/python3.11/site-packages/torch/ao/nn/intrinsic/__pycache__/__init__.cpython-311.pyc
/home/edge-host/Documents/GitHub/embodied_ai/.venv-libero/lib/python3.11/site-packages/torch/ao/nn/intrinsic/modules/__pycache__/__init__.cpython-311.pyc
/home/edge-host/Documents/GitHub/embodied_ai/.venv-libero/lib/python3.11/site-packages/torch/ao/nn/intrinsic/modules/__pycache__/fused.cpython-311.pyc
/home/edge-host/Documents/GitHub/embodied_ai/.venv-libero/lib/python3.11/site-packages/torch/ao/nn/intrinsic/qat/__pycache__/__init__.cpython-311.pyc
/home/edge-host/Documents/GitHub/embodied_ai/.venv-libero/lib/python3.11/site-packages/torch/ao/nn/intrinsic/qat/modules/__pycache__/__init__.cpython-311.pyc
/home/edge-host/Documents/GitHub/embodied_ai/.venv-libero/lib/python3.11/site-packages/torch/ao/nn/intrinsic/qat/modules/__pycache__/conv_fused.cpython-311.pyc
/home/edge-host/Documents/GitHub/embodied_ai/.venv-libero/lib/python3.11/site-packages/torch/ao/nn/intrinsic/qat/modules/__pycache__/linear_fused.cpython-311.pyc
/home/edge-host/Documents/GitHub/embodied_ai/.venv-libero/lib/python3.11/site-packages/torch/ao/nn/intrinsic/qat/modules/__pycache__/linear_relu.cpython-311.pyc
/home/edge-host/Documents/GitHub/embodied_ai/.venv-libero/lib/python3.11/site-packages/torch/ao/nn/intrinsic/quantized/__pycache__/__init__.cpython-311.pyc
/home/edge-host/Documents/GitHub/embodied_ai/.venv-libero/lib/python3.11/site-packages/torch/ao/nn/intrinsic/quantized/dynamic/__pycache__/__init__.cpython-311.pyc
/home/edge-host/Documents/GitHub/embodied_ai/.venv-libero/lib/python3.11/site-packages/torch/ao/nn/intrinsic/quantized/dynamic/modules/__pycache__/__init__.cpython-311.pyc
/home/edge-host/Documents/GitHub/embodied_ai/.venv-libero/lib/python3.11/site-packages/torch/ao/nn/intrinsic/quantized/dynamic/modules/__pycache__/linear_relu.cpython-311.pyc
/home/edge-host/Documents/GitHub/embodied_ai/.venv-libero/lib/python3.11/site-packages/torch/ao/nn/intrinsic/quantized/modules/__pycache__/__init__.cpython-311.pyc
/home/edge-host/Documents/GitHub/embodied_ai/.venv-libero/lib/python3.11/site-packages/torch/ao/nn/intrinsic/quantized/modules/__pycache__/bn_relu.cpython-311.pyc
/home/edge-host/Documents/GitHub/embodied_ai/.venv-libero/lib/python3.11/site-packages/torch/ao/nn/intrinsic/quantized/modules/__pycache__/conv_add.cpython-311.pyc
/home/edge-host/Documents/GitHub/embodied_ai/.venv-libero/lib/python3.11/site-packages/torch/ao/nn/intrinsic/quantized/modules/__pycache__/conv_relu.cpython-311.pyc
/home/edge-host/Documents/GitHub/embodied_ai/.venv-libero/lib/python3.11/site-packages/torch/ao/nn/intrinsic/quantized/modules/__pycache__/linear_relu.cpython-311.pyc
/home/edge-host/Documents/GitHub/embodied_ai/.venv-libero/lib/python3.11/site-packages/torch/ao/nn/qat/__pycache__/__init__.cpython-311.pyc
/home/edge-host/Documents/GitHub/embodied_ai/.venv-libero/lib/python3.11/site-packages/torch/ao/nn/qat/dynamic/__pycache__/__init__.cpython-311.pyc
/home/edge-host/Documents/GitHub/embodied_ai/.venv-libero/lib/python3.11/site-packages/torch/ao/nn/qat/dynamic/modules/__pycache__/__init__.cpython-311.pyc
/home/edge-host/Documents/GitHub/embodied_ai/.venv-libero/lib/python3.11/site-packages/torch/ao/nn/qat/dynamic/modules/__pycache__/linear.cpython-311.pyc
/home/edge-host/Documents/GitHub/embodied_ai/.venv-libero/lib/python3.11/site-packages/torch/ao/nn/qat/modules/__pycache__/__init__.cpython-311.pyc
/home/edge-host/Documents/GitHub/embodied_ai/.venv-libero/lib/python3.11/site-packages/torch/ao/nn/qat/modules/__pycache__/conv.cpython-311.pyc
/home/edge-host/Documents/GitHub/embodied_ai/.venv-libero/lib/python3.11/site-packages/torch/ao/nn/qat/modules/__pycache__/embedding_ops.cpython-311.pyc
/home/edge-host/Documents/GitHub/embodied_ai/.venv-libero/lib/python3.11/site-packages/torch/ao/nn/qat/modules/__pycache__/linear.cpython-311.pyc
/home/edge-host/Documents/GitHub/embodied_ai/.venv-libero/lib/python3.11/site-packages/torch/ao/nn/quantizable/__pycache__/__init__.cpython-311.pyc
/home/edge-host/Documents/GitHub/embodied_ai/.venv-libero/lib/python3.11/site-packages/torch/ao/nn/quantizable/modules/__pycache__/__init__.cpython-311.pyc
/home/edge-host/Documents/GitHub/embodied_ai/.venv-libero/lib/python3.11/site-packages/torch/ao/nn/quantizable/modules/__pycache__/activation.cpython-311.pyc
/home/edge-host/Documents/GitHub/embodied_ai/.venv-libero/lib/python3.11/site-packages/torch/ao/nn/quantizable/modules/__pycache__/rnn.cpython-311.pyc
/home/edge-host/Documents/GitHub/embodied_ai/.venv-libero/lib/python3.11/site-packages/torch/ao/nn/quantized/__pycache__/__init__.cpython-311.pyc
/home/edge-host/Documents/GitHub/embodied_ai/.venv-libero/lib/python3.11/site-packages/torch/ao/nn/quantized/__pycache__/functional.cpython-311.pyc
/home/edge-host/Documents/GitHub/embodied_ai/.venv-libero/lib/python3.11/site-packages/torch/ao/nn/quantized/dynamic/__pycache__/__init__.cpython-311.pyc
/home/edge-host/Documents/GitHub/embodied_ai/.venv-libero/lib/python3.11/site-packages/torch/ao/nn/quantized/dynamic/modules/__pycache__/__init__.cpython-311.pyc
/home/edge-host/Documents/GitHub/embodied_ai/.venv-libero/lib/python3.11/site-packages/torch/ao/nn/quantized/dynamic/modules/__pycache__/conv.cpython-311.pyc
/home/edge-host/Documents/GitHub/embodied_ai/.venv-libero/lib/python3.11/site-packages/torch/ao/nn/quantized/dynamic/modules/__pycache__/linear.cpython-311.pyc
/home/edge-host/Documents/GitHub/embodied_ai/.venv-libero/lib/python3.11/site-packages/torch/ao/nn/quantized/dynamic/modules/__pycache__/rnn.cpython-311.pyc
/home/edge-host/Documents/GitHub/embodied_ai/.venv-libero/lib/python3.11/site-packages/torch/ao/nn/quantized/modules/__pycache__/__init__.cpython-311.pyc
/home/edge-host/Documents/GitHub/embodied_ai/.venv-libero/lib/python3.11/site-packages/torch/ao/nn/quantized/modules/__pycache__/activation.cpython-311.pyc
/home/edge-host/Documents/GitHub/embodied_ai/.venv-libero/lib/python3.11/site-packages/torch/ao/nn/quantized/modules/__pycache__/batchnorm.cpython-311.pyc
/home/edge-host/Documents/GitHub/embodied_ai/.venv-libero/lib/python3.11/site-packages/torch/ao/nn/quantized/modules/__pycache__/conv.cpython-311.pyc
/home/edge-host/Documents/GitHub/embodied_ai/.venv-libero/lib/python3.11/site-packages/torch/ao/nn/quantized/modules/__pycache__/dropout.cpython-311.pyc
/home/edge-host/Documents/GitHub/embodied_ai/.venv-libero/lib/python3.11/site-packages/torch/ao/nn/quantized/modules/__pycache__/embedding_ops.cpython-311.pyc
/home/edge-host/Documents/GitHub/embodied_ai/.venv-libero/lib/python3.11/site-packages/torch/ao/nn/quantized/modules/__pycache__/functional_modules.cpython-311.pyc
/home/edge-host/Documents/GitHub/embodied_ai/.venv-libero/lib/python3.11/site-packages/torch/ao/nn/quantized/modules/__pycache__/linear.cpython-311.pyc
/home/edge-host/Documents/GitHub/embodied_ai/.venv-libero/lib/python3.11/site-packages/torch/ao/nn/quantized/modules/__pycache__/normalization.cpython-311.pyc
/home/edge-host/Documents/GitHub/embodied_ai/.venv-libero/lib/python3.11/site-packages/torch/ao/nn/quantized/modules/__pycache__/rnn.cpython-311.pyc
/home/edge-host/Documents/GitHub/embodied_ai/.venv-libero/lib/python3.11/site-packages/torch/ao/nn/quantized/modules/__pycache__/utils.cpython-311.pyc
/home/edge-host/Documents/GitHub/embodied_ai/.venv-libero/lib/python3.11/site-packages/torch/ao/nn/quantized/reference/__pycache__/__init__.cpython-311.pyc
/home/edge-host/Documents/GitHub/embodied_ai/.venv-libero/lib/python3.11/site-packages/torch/ao/nn/quantized/reference/modules/__pycache__/__init__.cpython-311.pyc
/home/edge-host/Documents/GitHub/embodied_ai/.venv-libero/lib/python3.11/site-packages/torch/ao/nn/quantized/reference/modules/__pycache__/conv.cpython-311.pyc
/home/edge-host/Documents/GitHub/embodied_ai/.venv-libero/lib/python3.11/site-packages/torch/ao/nn/quantized/reference/modules/__pycache__/linear.cpython-311.pyc
/home/edge-host/Documents/GitHub/embodied_ai/.venv-libero/lib/python3.11/site-packages/torch/ao/nn/quantized/reference/modules/__pycache__/rnn.cpython-311.pyc
/home/edge-host/Documents/GitHub/embodied_ai/.venv-libero/lib/python3.11/site-packages/torch/ao/nn/quantized/reference/modules/__pycache__/sparse.cpython-311.pyc
/home/edge-host/Documents/GitHub/embodied_ai/.venv-libero/lib/python3.11/site-packages/torch/ao/nn/quantized/reference/modules/__pycache__/utils.cpython-311.pyc
/home/edge-host/Documents/GitHub/embodied_ai/.venv-libero/lib/python3.11/site-packages/torch/ao/nn/sparse/__pycache__/__init__.cpython-311.pyc
/home/edge-host/Documents/GitHub/embodied_ai/.venv-libero/lib/python3.11/site-packages/torch/ao/nn/sparse/quantized/__pycache__/__init__.cpython-311.pyc
/home/edge-host/Documents/GitHub/embodied_ai/.venv-libero/lib/python3.11/site-packages/torch/ao/nn/sparse/quantized/__pycache__/linear.cpython-311.pyc
/home/edge-host/Documents/GitHub/embodied_ai/.venv-libero/lib/python3.11/site-packages/torch/ao/nn/sparse/quantized/__pycache__/utils.cpython-311.pyc
/home/edge-host/Documents/GitHub/embodied_ai/.venv-libero/lib/python3.11/site-packages/torch/ao/nn/sparse/quantized/dynamic/__pycache__/__init__.cpython-311.pyc
/home/edge-host/Documents/GitHub/embodied_ai/.venv-libero/lib/python3.11/site-packages/torch/ao/nn/sparse/quantized/dynamic/__pycache__/linear.cpython-311.pyc
/home/edge-host/Documents/GitHub/embodied_ai/.venv-libero/lib/python3.11/site-packages/torch/ao/quantization/__pycache__/__init__.cpython-311.pyc
/home/edge-host/Documents/GitHub/embodied_ai/.venv-libero/lib/python3.11/site-packages/torch/ao/quantization/__pycache__/fake_quantize.cpython-311.pyc
/home/edge-host/Documents/GitHub/embodied_ai/.venv-libero/lib/python3.11/site-packages/torch/ao/quantization/__pycache__/fuse_modules.cpython-311.pyc
/home/edge-host/Documents/GitHub/embodied_ai/.venv-libero/lib/python3.11/site-packages/torch/ao/quantization/__pycache__/fuser_method_mappings.cpython-311.pyc
/home/edge-host/Documents/GitHub/embodied_ai/.venv-libero/lib/python3.11/site-packages/torch/ao/quantization/__pycache__/observer.cpython-311.pyc
/home/edge-host/Documents/GitHub/embodied_ai/.venv-libero/lib/python3.11/site-packages/torch/ao/quantization/__pycache__/qconfig.cpython-311.pyc
/home/edge-host/Documents/GitHub/embodied_ai/.venv-libero/lib/python3.11/site-packages/torch/ao/quantization/__pycache__/qconfig_mapping.cpython-311.pyc
/home/edge-host/Documents/GitHub/embodied_ai/.venv-libero/lib/python3.11/site-packages/torch/ao/quantization/__pycache__/quant_type.cpython-311.pyc
/home/edge-host/Documents/GitHub/embodied_ai/.venv-libero/lib/python3.11/site-packages/torch/ao/quantization/__pycache__/quantization_mappings.cpython-311.pyc
/home/edge-host/Documents/GitHub/embodied_ai/.venv-libero/lib/python3.11/site-packages/torch/ao/quantization/__pycache__/quantize.cpython-311.pyc
/home/edge-host/Documents/GitHub/embodied_ai/.venv-libero/lib/python3.11/site-packages/torch/ao/quantization/__pycache__/quantize_jit.cpython-311.pyc
/home/edge-host/Documents/GitHub/embodied_ai/.venv-libero/lib/python3.11/site-packages/torch/ao/quantization/__pycache__/stubs.cpython-311.pyc
/home/edge-host/Documents/GitHub/embodied_ai/.venv-libero/lib/python3.11/site-packages/torch/ao/quantization/__pycache__/utils.cpython-311.pyc
/home/edge-host/Documents/GitHub/embodied_ai/.venv-libero/lib/python3.11/site-packages/torch/autograd/__pycache__/__init__.cpython-311.pyc
/home/edge-host/Documents/GitHub/embodied_ai/.venv-libero/lib/python3.11/site-packages/torch/autograd/__pycache__/anomaly_mode.cpython-311.pyc
/home/edge-host/Documents/GitHub/embodied_ai/.venv-libero/lib/python3.11/site-packages/torch/autograd/__pycache__/forward_ad.cpython-311.pyc
/home/edge-host/Documents/GitHub/embodied_ai/.venv-libero/lib/python3.11/site-packages/torch/autograd/__pycache__/function.cpython-311.pyc
/home/edge-host/Documents/GitHub/embodied_ai/.venv-libero/lib/python3.11/site-packages/torch/autograd/__pycache__/functional.cpython-311.pyc
/home/edge-host/Documents/GitHub/embodied_ai/.venv-libero/lib/python3.11/site-packages/torch/autograd/__pycache__/grad_mode.cpython-311.pyc
/home/edge-host/Documents/GitHub/embodied_ai/.venv-libero/lib/python3.11/site-packages/torch/autograd/__pycache__/gradcheck.cpython-311.pyc
/home/edge-host/Documents/GitHub/embodied_ai/.venv-libero/lib/python3.11/site-packages/torch/autograd/__pycache__/graph.cpython-311.pyc
/home/edge-host/Documents/GitHub/embodied_ai/.venv-libero/lib/python3.11/site-packages/torch/autograd/__pycache__/profiler.cpython-311.pyc
/home/edge-host/Documents/GitHub/embodied_ai/.venv-libero/lib/python3.11/site-packages/torch/autograd/__pycache__/profiler_legacy.cpython-311.pyc
/home/edge-host/Documents/GitHub/embodied_ai/.venv-libero/lib/python3.11/site-packages/torch/autograd/__pycache__/profiler_util.cpython-311.pyc
/home/edge-host/Documents/GitHub/embodied_ai/.venv-libero/lib/python3.11/site-packages/torch/autograd/__pycache__/variable.cpython-311.pyc
/home/edge-host/Documents/GitHub/embodied_ai/.venv-libero/lib/python3.11/site-packages/torch/backends/__pycache__/__init__.cpython-311.pyc
/home/edge-host/Documents/GitHub/embodied_ai/.venv-libero/lib/python3.11/site-packages/torch/backends/cpu/__pycache__/__init__.cpython-311.pyc
/home/edge-host/Documents/GitHub/embodied_ai/.venv-libero/lib/python3.11/site-packages/torch/backends/cuda/__pycache__/__init__.cpython-311.pyc
/home/edge-host/Documents/GitHub/embodied_ai/.venv-libero/lib/python3.11/site-packages/torch/backends/cudnn/__pycache__/__init__.cpython-311.pyc
/home/edge-host/Documents/GitHub/embodied_ai/.venv-libero/lib/python3.11/site-packages/torch/backends/cudnn/__pycache__/rnn.cpython-311.pyc
/home/edge-host/Documents/GitHub/embodied_ai/.venv-libero/lib/python3.11/site-packages/torch/backends/cusparselt/__pycache__/__init__.cpython-311.pyc
/home/edge-host/Documents/GitHub/embodied_ai/.venv-libero/lib/python3.11/site-packages/torch/backends/kleidiai/__pycache__/__init__.cpython-311.pyc
/home/edge-host/Documents/GitHub/embodied_ai/.venv-libero/lib/python3.11/site-packages/torch/backends/mha/__pycache__/__init__.cpython-311.pyc
/home/edge-host/Documents/GitHub/embodied_ai/.venv-libero/lib/python3.11/site-packages/torch/backends/miopen/__pycache__/__init__.cpython-311.pyc
/home/edge-host/Documents/GitHub/embodied_ai/.venv-libero/lib/python3.11/site-packages/torch/backends/mkl/__pycache__/__init__.cpython-311.pyc
/home/edge-host/Documents/GitHub/embodied_ai/.venv-libero/lib/python3.11/site-packages/torch/backends/mkldnn/__pycache__/__init__.cpython-311.pyc
/home/edge-host/Documents/GitHub/embodied_ai/.venv-libero/lib/python3.11/site-packages/torch/backends/mps/__pycache__/__init__.cpython-311.pyc
/home/edge-host/Documents/GitHub/embodied_ai/.venv-libero/lib/python3.11/site-packages/torch/backends/nnpack/__pycache__/__init__.cpython-311.pyc
/home/edge-host/Documents/GitHub/embodied_ai/.venv-libero/lib/python3.11/site-packages/torch/backends/openmp/__pycache__/__init__.cpython-311.pyc
/home/edge-host/Documents/GitHub/embodied_ai/.venv-libero/lib/python3.11/site-packages/torch/backends/opt_einsum/__pycache__/__init__.cpython-311.pyc
/home/edge-host/Documents/GitHub/embodied_ai/.venv-libero/lib/python3.11/site-packages/torch/backends/python_native/__pycache__/__init__.cpython-311.pyc
/home/edge-host/Documents/GitHub/embodied_ai/.venv-libero/lib/python3.11/site-packages/torch/backends/quantized/__pycache__/__init__.cpython-311.pyc
/home/edge-host/Documents/GitHub/embodied_ai/.venv-libero/lib/python3.11/site-packages/torch/compiler/__pycache__/__init__.cpython-311.pyc
/home/edge-host/Documents/GitHub/embodied_ai/.venv-libero/lib/python3.11/site-packages/torch/compiler/__pycache__/_cache.cpython-311.pyc
/home/edge-host/Documents/GitHub/embodied_ai/.venv-libero/lib/python3.11/site-packages/torch/compiler/__pycache__/config.cpython-311.pyc
/home/edge-host/Documents/GitHub/embodied_ai/.venv-libero/lib/python3.11/site-packages/torch/compiler/config.py
/home/edge-host/Documents/GitHub/embodied_ai/.venv-libero/lib/python3.11/site-packages/torch/cpu/__pycache__/__init__.cpython-311.pyc
/home/edge-host/Documents/GitHub/embodied_ai/.venv-libero/lib/python3.11/site-packages/torch/cpu/amp/__pycache__/__init__.cpython-311.pyc
/home/edge-host/Documents/GitHub/embodied_ai/.venv-libero/lib/python3.11/site-packages/torch/cpu/amp/__pycache__/autocast_mode.cpython-311.pyc
/home/edge-host/Documents/GitHub/embodied_ai/.venv-libero/lib/python3.11/site-packages/torch/cpu/amp/__pycache__/grad_scaler.cpython-311.pyc
/home/edge-host/Documents/GitHub/embodied_ai/.venv-libero/lib/python3.11/site-packages/torch/cuda/__init__.py
/home/edge-host/Documents/GitHub/embodied_ai/.venv-libero/lib/python3.11/site-packages/torch/cuda/__pycache__/__init__.cpython-311.pyc
/home/edge-host/Documents/GitHub/embodied_ai/.venv-libero/lib/python3.11/site-packages/torch/cuda/__pycache__/_device_limits.cpython-311.pyc
/home/edge-host/Documents/GitHub/embodied_ai/.venv-libero/lib/python3.11/site-packages/torch/cuda/__pycache__/_graph_annotations.cpython-311.pyc
/home/edge-host/Documents/GitHub/embodied_ai/.venv-libero/lib/python3.11/site-packages/torch/cuda/__pycache__/_memory_viz.cpython-311.pyc
/home/edge-host/Documents/GitHub/embodied_ai/.venv-libero/lib/python3.11/site-packages/torch/cuda/__pycache__/_utils.cpython-311.pyc
/home/edge-host/Documents/GitHub/embodied_ai/.venv-libero/lib/python3.11/site-packages/torch/cuda/__pycache__/gds.cpython-311.pyc
/home/edge-host/Documents/GitHub/embodied_ai/.venv-libero/lib/python3.11/site-packages/torch/cuda/__pycache__/graph_annotations.cpython-311.pyc
/home/edge-host/Documents/GitHub/embodied_ai/.venv-libero/lib/python3.11/site-packages/torch/cuda/__pycache__/graphs.cpython-311.pyc
/home/edge-host/Documents/GitHub/embodied_ai/.venv-libero/lib/python3.11/site-packages/torch/cuda/__pycache__/green_contexts.cpython-311.pyc
/home/edge-host/Documents/GitHub/embodied_ai/.venv-libero/lib/python3.11/site-packages/torch/cuda/__pycache__/jiterator.cpython-311.pyc
/home/edge-host/Documents/GitHub/embodied_ai/.venv-libero/lib/python3.11/site-packages/torch/cuda/__pycache__/memory.cpython-311.pyc
/home/edge-host/Documents/GitHub/embodied_ai/.venv-libero/lib/python3.11/site-packages/torch/cuda/__pycache__/nccl.cpython-311.pyc
/home/edge-host/Documents/GitHub/embodied_ai/.venv-libero/lib/python3.11/site-packages/torch/cuda/__pycache__/nvtx.cpython-311.pyc
/home/edge-host/Documents/GitHub/embodied_ai/.venv-libero/lib/python3.11/site-packages/torch/cuda/__pycache__/profiler.cpython-311.pyc
/home/edge-host/Documents/GitHub/embodied_ai/.venv-libero/lib/python3.11/site-packages/torch/cuda/__pycache__/random.cpython-311.pyc
/home/edge-host/Documents/GitHub/embodied_ai/.venv-libero/lib/python3.11/site-packages/torch/cuda/__pycache__/sparse.cpython-311.pyc
/home/edge-host/Documents/GitHub/embodied_ai/.venv-libero/lib/python3.11/site-packages/torch/cuda/__pycache__/streams.cpython-311.pyc
/home/edge-host/Documents/GitHub/embodied_ai/.venv-libero/lib/python3.11/site-packages/torch/cuda/__pycache__/tunable.cpython-311.pyc
/home/edge-host/Documents/GitHub/embodied_ai/.venv-libero/lib/python3.11/site-packages/torch/cuda/amp/__pycache__/__init__.cpython-311.pyc
/home/edge-host/Documents/GitHub/embodied_ai/.venv-libero/lib/python3.11/site-packages/torch/cuda/amp/__pycache__/autocast_mode.cpython-311.pyc
/home/edge-host/Documents/GitHub/embodied_ai/.venv-libero/lib/python3.11/site-packages/torch/cuda/amp/__pycache__/common.cpython-311.pyc
/home/edge-host/Documents/GitHub/embodied_ai/.venv-libero/lib/python3.11/site-packages/torch/cuda/amp/__pycache__/grad_scaler.cpython-311.pyc
/home/edge-host/Documents/GitHub/embodied_ai/.venv-libero/lib/python3.11/site-packages/torch/distributed/__pycache__/__init__.cpython-311.pyc
/home/edge-host/Documents/GitHub/embodied_ai/.venv-libero/lib/python3.11/site-packages/torch/distributed/__pycache__/_mesh_layout.cpython-311.pyc
/home/edge-host/Documents/GitHub/embodied_ai/.venv-libero/lib/python3.11/site-packages/torch/distributed/__pycache__/_meta_registrations.cpython-311.pyc
/home/edge-host/Documents/GitHub/embodied_ai/.venv-libero/lib/python3.11/site-packages/torch/distributed/__pycache__/c10d_logger.cpython-311.pyc
/home/edge-host/Documents/GitHub/embodied_ai/.venv-libero/lib/python3.11/site-packages/torch/distributed/__pycache__/config.cpython-311.pyc
/home/edge-host/Documents/GitHub/embodied_ai/.venv-libero/lib/python3.11/site-packages/torch/distributed/__pycache__/constants.cpython-311.pyc
/home/edge-host/Documents/GitHub/embodied_ai/.venv-libero/lib/python3.11/site-packages/torch/distributed/__pycache__/device_mesh.cpython-311.pyc
/home/edge-host/Documents/GitHub/embodied_ai/.venv-libero/lib/python3.11/site-packages/torch/distributed/__pycache__/distributed_c10d.cpython-311.pyc
/home/edge-host/Documents/GitHub/embodied_ai/.venv-libero/lib/python3.11/site-packages/torch/distributed/__pycache__/logging_handlers.cpython-311.pyc
/home/edge-host/Documents/GitHub/embodied_ai/.venv-libero/lib/python3.11/site-packages/torch/distributed/__pycache__/remote_device.cpython-311.pyc
/home/edge-host/Documents/GitHub/embodied_ai/.venv-libero/lib/python3.11/site-packages/torch/distributed/__pycache__/rendezvous.cpython-311.pyc
/home/edge-host/Documents/GitHub/embodied_ai/.venv-libero/lib/python3.11/site-packages/torch/distributed/__pycache__/utils.cpython-311.pyc
/home/edge-host/Documents/GitHub/embodied_ai/.venv-libero/lib/python3.11/site-packages/torch/distributed/_pycute/__pycache__/__init__.cpython-311.pyc
/home/edge-host/Documents/GitHub/embodied_ai/.venv-libero/lib/python3.11/site-packages/torch/distributed/_pycute/__pycache__/int_tuple.cpython-311.pyc
/home/edge-host/Documents/GitHub/embodied_ai/.venv-libero/lib/python3.11/site-packages/torch/distributed/_pycute/__pycache__/layout.cpython-311.pyc
/home/edge-host/Documents/GitHub/embodied_ai/.venv-libero/lib/python3.11/site-packages/torch/distributed/_pycute/__pycache__/typing.cpython-311.pyc
/home/edge-host/Documents/GitHub/embodied_ai/.venv-libero/lib/python3.11/site-packages/torch/distributed/algorithms/__pycache__/__init__.cpython-311.pyc
/home/edge-host/Documents/GitHub/embodied_ai/.venv-libero/lib/python3.11/site-packages/torch/distributed/algorithms/__pycache__/join.cpython-311.pyc
/home/edge-host/Documents/GitHub/embodied_ai/.venv-libero/lib/python3.11/site-packages/torch/distributed/autograd/__pycache__/__init__.cpython-311.pyc
/home/edge-host/Documents/GitHub/embodied_ai/.venv-libero/lib/python3.11/site-packages/torch/distributed/config.py
/home/edge-host/Documents/GitHub/embodied_ai/.venv-libero/lib/python3.11/site-packages/torch/distributed/rpc/__pycache__/__init__.cpython-311.pyc
/home/edge-host/Documents/GitHub/embodied_ai/.venv-libero/lib/python3.11/site-packages/torch/distributed/rpc/__pycache__/_utils.cpython-311.pyc
/home/edge-host/Documents/GitHub/embodied_ai/.venv-libero/lib/python3.11/site-packages/torch/distributed/rpc/__pycache__/api.cpython-311.pyc
/home/edge-host/Documents/GitHub/embodied_ai/.venv-libero/lib/python3.11/site-packages/torch/distributed/rpc/__pycache__/backend_registry.cpython-311.pyc
/home/edge-host/Documents/GitHub/embodied_ai/.venv-libero/lib/python3.11/site-packages/torch/distributed/rpc/__pycache__/constants.cpython-311.pyc
/home/edge-host/Documents/GitHub/embodied_ai/.venv-libero/lib/python3.11/site-packages/torch/distributed/rpc/__pycache__/functions.cpython-311.pyc
/home/edge-host/Documents/GitHub/embodied_ai/.venv-libero/lib/python3.11/site-packages/torch/distributed/rpc/__pycache__/internal.cpython-311.pyc
/home/edge-host/Documents/GitHub/embodied_ai/.venv-libero/lib/python3.11/site-packages/torch/distributed/rpc/__pycache__/options.cpython-311.pyc
/home/edge-host/Documents/GitHub/embodied_ai/.venv-libero/lib/python3.11/site-packages/torch/distributed/rpc/__pycache__/server_process_global_profiler.cpython-311.pyc
/home/edge-host/Documents/GitHub/embodied_ai/.venv-libero/lib/python3.11/site-packages/torch/distributions/__pycache__/__init__.cpython-311.pyc
/home/edge-host/Documents/GitHub/embodied_ai/.venv-libero/lib/python3.11/site-packages/torch/distributions/__pycache__/bernoulli.cpython-311.pyc
/home/edge-host/Documents/GitHub/embodied_ai/.venv-libero/lib/python3.11/site-packages/torch/distributions/__pycache__/beta.cpython-311.pyc
/home/edge-host/Documents/GitHub/embodied_ai/.venv-libero/lib/python3.11/site-packages/torch/distributions/__pycache__/binomial.cpython-311.pyc
/home/edge-host/Documents/GitHub/embodied_ai/.venv-libero/lib/python3.11/site-packages/torch/distributions/__pycache__/categorical.cpython-311.pyc
/home/edge-host/Documents/GitHub/embodied_ai/.venv-libero/lib/python3.11/site-packages/torch/distributions/__pycache__/cauchy.cpython-311.pyc
/home/edge-host/Documents/GitHub/embodied_ai/.venv-libero/lib/python3.11/site-packages/torch/distributions/__pycache__/chi2.cpython-311.pyc
/home/edge-host/Documents/GitHub/embodied_ai/.venv-libero/lib/python3.11/site-packages/torch/distributions/__pycache__/constraint_registry.cpython-311.pyc
/home/edge-host/Documents/GitHub/embodied_ai/.venv-libero/lib/python3.11/site-packages/torch/distributions/__pycache__/constraints.cpython-311.pyc
/home/edge-host/Documents/GitHub/embodied_ai/.venv-libero/lib/python3.11/site-packages/torch/distributions/__pycache__/continuous_bernoulli.cpython-311.pyc
/home/edge-host/Documents/GitHub/embodied_ai/.venv-libero/lib/python3.11/site-packages/torch/distributions/__pycache__/dirichlet.cpython-311.pyc
/home/edge-host/Documents/GitHub/embodied_ai/.venv-libero/lib/python3.11/site-packages/torch/distributions/__pycache__/distribution.cpython-311.pyc
/home/edge-host/Documents/GitHub/embodied_ai/.venv-libero/lib/python3.11/site-packages/torch/distributions/__pycache__/exp_family.cpython-311.pyc
/home/edge-host/Documents/GitHub/embodied_ai/.venv-libero/lib/python3.11/site-packages/torch/distributions/__pycache__/exponential.cpython-311.pyc
/home/edge-host/Documents/GitHub/embodied_ai/.venv-libero/lib/python3.11/site-packages/torch/distributions/__pycache__/fishersnedecor.cpython-311.pyc
/home/edge-host/Documents/GitHub/embodied_ai/.venv-libero/lib/python3.11/site-packages/torch/distributions/__pycache__/gamma.cpython-311.pyc
/home/edge-host/Documents/GitHub/embodied_ai/.venv-libero/lib/python3.11/site-packages/torch/distributions/__pycache__/generalized_pareto.cpython-311.pyc
/home/edge-host/Documents/GitHub/embodied_ai/.venv-libero/lib/python3.11/site-packages/torch/distributions/__pycache__/geometric.cpython-311.pyc
/home/edge-host/Documents/GitHub/embodied_ai/.venv-libero/lib/python3.11/site-packages/torch/distributions/__pycache__/gumbel.cpython-311.pyc
/home/edge-host/Documents/GitHub/embodied_ai/.venv-libero/lib/python3.11/site-packages/torch/distributions/__pycache__/half_cauchy.cpython-311.pyc
/home/edge-host/Documents/GitHub/embodied_ai/.venv-libero/lib/python3.11/site-packages/torch/distributions/__pycache__/half_normal.cpython-311.pyc
/home/edge-host/Documents/GitHub/embodied_ai/.venv-libero/lib/python3.11/site-packages/torch/distributions/__pycache__/independent.cpython-311.pyc
/home/edge-host/Documents/GitHub/embodied_ai/.venv-libero/lib/python3.11/site-packages/torch/distributions/__pycache__/inverse_gamma.cpython-311.pyc
/home/edge-host/Documents/GitHub/embodied_ai/.venv-libero/lib/python3.11/site-packages/torch/distributions/__pycache__/kl.cpython-311.pyc
/home/edge-host/Documents/GitHub/embodied_ai/.venv-libero/lib/python3.11/site-packages/torch/distributions/__pycache__/kumaraswamy.cpython-311.pyc
/home/edge-host/Documents/GitHub/embodied_ai/.venv-libero/lib/python3.11/site-packages/torch/distributions/__pycache__/laplace.cpython-311.pyc
/home/edge-host/Documents/GitHub/embodied_ai/.venv-libero/lib/python3.11/site-packages/torch/distributions/__pycache__/lkj_cholesky.cpython-311.pyc
/home/edge-host/Documents/GitHub/embodied_ai/.venv-libero/lib/python3.11/site-packages/torch/distributions/__pycache__/log_normal.cpython-311.pyc
/home/edge-host/Documents/GitHub/embodied_ai/.venv-libero/lib/python3.11/site-packages/torch/distributions/__pycache__/logistic_normal.cpython-311.pyc
/home/edge-host/Documents/GitHub/embodied_ai/.venv-libero/lib/python3.11/site-packages/torch/distributions/__pycache__/lowrank_multivariate_normal.cpython-311.pyc
/home/edge-host/Documents/GitHub/embodied_ai/.venv-libero/lib/python3.11/site-packages/torch/distributions/__pycache__/mixture_same_family.cpython-311.pyc
/home/edge-host/Documents/GitHub/embodied_ai/.venv-libero/lib/python3.11/site-packages/torch/distributions/__pycache__/multinomial.cpython-311.pyc
/home/edge-host/Documents/GitHub/embodied_ai/.venv-libero/lib/python3.11/site-packages/torch/distributions/__pycache__/multivariate_normal.cpython-311.pyc
/home/edge-host/Documents/GitHub/embodied_ai/.venv-libero/lib/python3.11/site-packages/torch/distributions/__pycache__/negative_binomial.cpython-311.pyc
/home/edge-host/Documents/GitHub/embodied_ai/.venv-libero/lib/python3.11/site-packages/torch/distributions/__pycache__/normal.cpython-311.pyc
/home/edge-host/Documents/GitHub/embodied_ai/.venv-libero/lib/python3.11/site-packages/torch/distributions/__pycache__/one_hot_categorical.cpython-311.pyc
/home/edge-host/Documents/GitHub/embodied_ai/.venv-libero/lib/python3.11/site-packages/torch/distributions/__pycache__/pareto.cpython-311.pyc
/home/edge-host/Documents/GitHub/embodied_ai/.venv-libero/lib/python3.11/site-packages/torch/distributions/__pycache__/poisson.cpython-311.pyc
/home/edge-host/Documents/GitHub/embodied_ai/.venv-libero/lib/python3.11/site-packages/torch/distributions/__pycache__/relaxed_bernoulli.cpython-311.pyc
/home/edge-host/Documents/GitHub/embodied_ai/.venv-libero/lib/python3.11/site-packages/torch/distributions/__pycache__/relaxed_categorical.cpython-311.pyc
/home/edge-host/Documents/GitHub/embodied_ai/.venv-libero/lib/python3.11/site-packages/torch/distributions/__pycache__/studentT.cpython-311.pyc
/home/edge-host/Documents/GitHub/embodied_ai/.venv-libero/lib/python3.11/site-packages/torch/distributions/__pycache__/transformed_distribution.cpython-311.pyc
/home/edge-host/Documents/GitHub/embodied_ai/.venv-libero/lib/python3.11/site-packages/torch/distributions/__pycache__/transforms.cpython-311.pyc
/home/edge-host/Documents/GitHub/embodied_ai/.venv-libero/lib/python3.11/site-packages/torch/distributions/__pycache__/uniform.cpython-311.pyc
/home/edge-host/Documents/GitHub/embodied_ai/.venv-libero/lib/python3.11/site-packages/torch/distributions/__pycache__/utils.cpython-311.pyc
/home/edge-host/Documents/GitHub/embodied_ai/.venv-libero/lib/python3.11/site-packages/torch/distributions/__pycache__/von_mises.cpython-311.pyc
/home/edge-host/Documents/GitHub/embodied_ai/.venv-libero/lib/python3.11/site-packages/torch/distributions/__pycache__/weibull.cpython-311.pyc
/home/edge-host/Documents/GitHub/embodied_ai/.venv-libero/lib/python3.11/site-packages/torch/distributions/__pycache__/wishart.cpython-311.pyc
/home/edge-host/Documents/GitHub/embodied_ai/.venv-libero/lib/python3.11/site-packages/torch/export/__pycache__/__init__.cpython-311.pyc
/home/edge-host/Documents/GitHub/embodied_ai/.venv-libero/lib/python3.11/site-packages/torch/export/__pycache__/_remove_effect_tokens_pass.cpython-311.pyc
/home/edge-host/Documents/GitHub/embodied_ai/.venv-libero/lib/python3.11/site-packages/torch/export/__pycache__/_state_dict_utils.cpython-311.pyc
/home/edge-host/Documents/GitHub/embodied_ai/.venv-libero/lib/python3.11/site-packages/torch/export/__pycache__/_tree_utils.cpython-311.pyc
/home/edge-host/Documents/GitHub/embodied_ai/.venv-libero/lib/python3.11/site-packages/torch/export/__pycache__/custom_ops.cpython-311.pyc
/home/edge-host/Documents/GitHub/embodied_ai/.venv-libero/lib/python3.11/site-packages/torch/export/__pycache__/decomp_utils.cpython-311.pyc
/home/edge-host/Documents/GitHub/embodied_ai/.venv-libero/lib/python3.11/site-packages/torch/export/__pycache__/dynamic_shapes.cpython-311.pyc
/home/edge-host/Documents/GitHub/embodied_ai/.venv-libero/lib/python3.11/site-packages/torch/export/__pycache__/exported_program.cpython-311.pyc
/home/edge-host/Documents/GitHub/embodied_ai/.venv-libero/lib/python3.11/site-packages/torch/export/__pycache__/graph_signature.cpython-311.pyc
/home/edge-host/Documents/GitHub/embodied_ai/.venv-libero/lib/python3.11/site-packages/torch/export/__pycache__/unflatten.cpython-311.pyc
/home/edge-host/Documents/GitHub/embodied_ai/.venv-libero/lib/python3.11/site-packages/torch/fft/__pycache__/__init__.cpython-311.pyc
/home/edge-host/Documents/GitHub/embodied_ai/.venv-libero/lib/python3.11/site-packages/torch/func/__pycache__/__init__.cpython-311.pyc
/home/edge-host/Documents/GitHub/embodied_ai/.venv-libero/lib/python3.11/site-packages/torch/functional.py
/home/edge-host/Documents/GitHub/embodied_ai/.venv-libero/lib/python3.11/site-packages/torch/futures/__pycache__/__init__.cpython-311.pyc
/home/edge-host/Documents/GitHub/embodied_ai/.venv-libero/lib/python3.11/site-packages/torch/fx/__pycache__/__init__.cpython-311.pyc
/home/edge-host/Documents/GitHub/embodied_ai/.venv-libero/lib/python3.11/site-packages/torch/fx/__pycache__/_compatibility.cpython-311.pyc
/home/edge-host/Documents/GitHub/embodied_ai/.venv-libero/lib/python3.11/site-packages/torch/fx/__pycache__/_lazy_graph_module.cpython-311.pyc
/home/edge-host/Documents/GitHub/embodied_ai/.venv-libero/lib/python3.11/site-packages/torch/fx/__pycache__/_pytree.cpython-311.pyc
/home/edge-host/Documents/GitHub/embodied_ai/.venv-libero/lib/python3.11/site-packages/torch/fx/__pycache__/_symbolic_trace.cpython-311.pyc
/home/edge-host/Documents/GitHub/embodied_ai/.venv-libero/lib/python3.11/site-packages/torch/fx/__pycache__/_utils.cpython-311.pyc
/home/edge-host/Documents/GitHub/embodied_ai/.venv-libero/lib/python3.11/site-packages/torch/fx/__pycache__/config.cpython-311.pyc
/home/edge-host/Documents/GitHub/embodied_ai/.venv-libero/lib/python3.11/site-packages/torch/fx/__pycache__/graph.cpython-311.pyc
/home/edge-host/Documents/GitHub/embodied_ai/.venv-libero/lib/python3.11/site-packages/torch/fx/__pycache__/graph_module.cpython-311.pyc
/home/edge-host/Documents/GitHub/embodied_ai/.venv-libero/lib/python3.11/site-packages/torch/fx/__pycache__/immutable_collections.cpython-311.pyc
/home/edge-host/Documents/GitHub/embodied_ai/.venv-libero/lib/python3.11/site-packages/torch/fx/__pycache__/interpreter.cpython-311.pyc
/home/edge-host/Documents/GitHub/embodied_ai/.venv-libero/lib/python3.11/site-packages/torch/fx/__pycache__/node.cpython-311.pyc
/home/edge-host/Documents/GitHub/embodied_ai/.venv-libero/lib/python3.11/site-packages/torch/fx/__pycache__/operator_schemas.cpython-311.pyc
/home/edge-host/Documents/GitHub/embodied_ai/.venv-libero/lib/python3.11/site-packages/torch/fx/__pycache__/proxy.cpython-311.pyc
/home/edge-host/Documents/GitHub/embodied_ai/.venv-libero/lib/python3.11/site-packages/torch/fx/__pycache__/subgraph_rewriter.cpython-311.pyc
/home/edge-host/Documents/GitHub/embodied_ai/.venv-libero/lib/python3.11/site-packages/torch/fx/__pycache__/tensor_type.cpython-311.pyc
/home/edge-host/Documents/GitHub/embodied_ai/.venv-libero/lib/python3.11/site-packages/torch/fx/__pycache__/traceback.cpython-311.pyc
/home/edge-host/Documents/GitHub/embodied_ai/.venv-libero/lib/python3.11/site-packages/torch/fx/experimental/__pycache__/__init__.cpython-311.pyc
/home/edge-host/Documents/GitHub/embodied_ai/.venv-libero/lib/python3.11/site-packages/torch/fx/experimental/__pycache__/_backward_state.cpython-311.pyc
/home/edge-host/Documents/GitHub/embodied_ai/.venv-libero/lib/python3.11/site-packages/torch/fx/experimental/__pycache__/_config.cpython-311.pyc
/home/edge-host/Documents/GitHub/embodied_ai/.venv-libero/lib/python3.11/site-packages/torch/fx/experimental/__pycache__/_constant_symnode.cpython-311.pyc
/home/edge-host/Documents/GitHub/embodied_ai/.venv-libero/lib/python3.11/site-packages/torch/fx/experimental/__pycache__/const_fold.cpython-311.pyc
/home/edge-host/Documents/GitHub/embodied_ai/.venv-libero/lib/python3.11/site-packages/torch/fx/experimental/__pycache__/dynamic_spec.cpython-311.pyc
/home/edge-host/Documents/GitHub/embodied_ai/.venv-libero/lib/python3.11/site-packages/torch/fx/experimental/__pycache__/proxy_tensor.cpython-311.pyc
/home/edge-host/Documents/GitHub/embodied_ai/.venv-libero/lib/python3.11/site-packages/torch/fx/experimental/__pycache__/sym_node.cpython-311.pyc
/home/edge-host/Documents/GitHub/embodied_ai/.venv-libero/lib/python3.11/site-packages/torch/fx/experimental/_config.py
/home/edge-host/Documents/GitHub/embodied_ai/.venv-libero/lib/python3.11/site-packages/torch/fx/experimental/proxy_tensor.py
/home/edge-host/Documents/GitHub/embodied_ai/.venv-libero/lib/python3.11/site-packages/torch/fx/experimental/unification/__pycache__/__init__.cpython-311.pyc
/home/edge-host/Documents/GitHub/embodied_ai/.venv-libero/lib/python3.11/site-packages/torch/fx/experimental/unification/__pycache__/core.cpython-311.pyc
/home/edge-host/Documents/GitHub/embodied_ai/.venv-libero/lib/python3.11/site-packages/torch/fx/experimental/unification/__pycache__/dispatch.cpython-311.pyc
/home/edge-host/Documents/GitHub/embodied_ai/.venv-libero/lib/python3.11/site-packages/torch/fx/experimental/unification/__pycache__/more.cpython-311.pyc
/home/edge-host/Documents/GitHub/embodied_ai/.venv-libero/lib/python3.11/site-packages/torch/fx/experimental/unification/__pycache__/unification_tools.cpython-311.pyc
/home/edge-host/Documents/GitHub/embodied_ai/.venv-libero/lib/python3.11/site-packages/torch/fx/experimental/unification/__pycache__/utils.cpython-311.pyc
/home/edge-host/Documents/GitHub/embodied_ai/.venv-libero/lib/python3.11/site-packages/torch/fx/experimental/unification/__pycache__/variable.cpython-311.pyc
/home/edge-host/Documents/GitHub/embodied_ai/.venv-libero/lib/python3.11/site-packages/torch/fx/experimental/unification/multipledispatch/__pycache__/__init__.cpython-311.pyc
/home/edge-host/Documents/GitHub/embodied_ai/.venv-libero/lib/python3.11/site-packages/torch/fx/experimental/unification/multipledispatch/__pycache__/conflict.cpython-311.pyc
/home/edge-host/Documents/GitHub/embodied_ai/.venv-libero/lib/python3.11/site-packages/torch/fx/experimental/unification/multipledispatch/__pycache__/core.cpython-311.pyc
/home/edge-host/Documents/GitHub/embodied_ai/.venv-libero/lib/python3.11/site-packages/torch/fx/experimental/unification/multipledispatch/__pycache__/dispatcher.cpython-311.pyc
/home/edge-host/Documents/GitHub/embodied_ai/.venv-libero/lib/python3.11/site-packages/torch/fx/experimental/unification/multipledispatch/__pycache__/utils.cpython-311.pyc
/home/edge-host/Documents/GitHub/embodied_ai/.venv-libero/lib/python3.11/site-packages/torch/fx/experimental/unification/multipledispatch/__pycache__/variadic.cpython-311.pyc
/home/edge-host/Documents/GitHub/embodied_ai/.venv-libero/lib/python3.11/site-packages/torch/fx/passes/__pycache__/__init__.cpython-311.pyc
/home/edge-host/Documents/GitHub/embodied_ai/.venv-libero/lib/python3.11/site-packages/torch/fx/passes/__pycache__/graph_drawer.cpython-311.pyc
/home/edge-host/Documents/GitHub/embodied_ai/.venv-libero/lib/python3.11/site-packages/torch/fx/passes/__pycache__/graph_manipulation.cpython-311.pyc
/home/edge-host/Documents/GitHub/embodied_ai/.venv-libero/lib/python3.11/site-packages/torch/fx/passes/__pycache__/net_min_base.cpython-311.pyc
/home/edge-host/Documents/GitHub/embodied_ai/.venv-libero/lib/python3.11/site-packages/torch/fx/passes/__pycache__/operator_support.cpython-311.pyc
/home/edge-host/Documents/GitHub/embodied_ai/.venv-libero/lib/python3.11/site-packages/torch/fx/passes/__pycache__/param_fetch.cpython-311.pyc
/home/edge-host/Documents/GitHub/embodied_ai/.venv-libero/lib/python3.11/site-packages/torch/fx/passes/__pycache__/regional_inductor.cpython-311.pyc
/home/edge-host/Documents/GitHub/embodied_ai/.venv-libero/lib/python3.11/site-packages/torch/fx/passes/__pycache__/reinplace.cpython-311.pyc
/home/edge-host/Documents/GitHub/embodied_ai/.venv-libero/lib/python3.11/site-packages/torch/fx/passes/__pycache__/runtime_assert.cpython-311.pyc
/home/edge-host/Documents/GitHub/embodied_ai/.venv-libero/lib/python3.11/site-packages/torch/fx/passes/__pycache__/shape_prop.cpython-311.pyc
/home/edge-host/Documents/GitHub/embodied_ai/.venv-libero/lib/python3.11/site-packages/torch/fx/passes/__pycache__/split_module.cpython-311.pyc
/home/edge-host/Documents/GitHub/embodied_ai/.venv-libero/lib/python3.11/site-packages/torch/fx/passes/__pycache__/split_utils.cpython-311.pyc
/home/edge-host/Documents/GitHub/embodied_ai/.venv-libero/lib/python3.11/site-packages/torch/fx/passes/__pycache__/splitter_base.cpython-311.pyc
/home/edge-host/Documents/GitHub/embodied_ai/.venv-libero/lib/python3.11/site-packages/torch/fx/passes/__pycache__/tools_common.cpython-311.pyc
/home/edge-host/Documents/GitHub/embodied_ai/.venv-libero/lib/python3.11/site-packages/torch/fx/passes/infra/__pycache__/__init__.cpython-311.pyc
/home/edge-host/Documents/GitHub/embodied_ai/.venv-libero/lib/python3.11/site-packages/torch/fx/passes/infra/__pycache__/pass_base.cpython-311.pyc
/home/edge-host/Documents/GitHub/embodied_ai/.venv-libero/lib/python3.11/site-packages/torch/fx/passes/infra/__pycache__/pass_manager.cpython-311.pyc
/home/edge-host/Documents/GitHub/embodied_ai/.venv-libero/lib/python3.11/site-packages/torch/fx/passes/utils/__pycache__/__init__.cpython-311.pyc
/home/edge-host/Documents/GitHub/embodied_ai/.venv-libero/lib/python3.11/site-packages/torch/fx/passes/utils/__pycache__/common.cpython-311.pyc
/home/edge-host/Documents/GitHub/embodied_ai/.venv-libero/lib/python3.11/site-packages/torch/fx/passes/utils/__pycache__/matcher_utils.cpython-311.pyc
/home/edge-host/Documents/GitHub/embodied_ai/.venv-libero/lib/python3.11/site-packages/torch/jit/__pycache__/__init__.cpython-311.pyc
/home/edge-host/Documents/GitHub/embodied_ai/.venv-libero/lib/python3.11/site-packages/torch/jit/__pycache__/_async.cpython-311.pyc
/home/edge-host/Documents/GitHub/embodied_ai/.venv-libero/lib/python3.11/site-packages/torch/jit/__pycache__/_await.cpython-311.pyc
/home/edge-host/Documents/GitHub/embodied_ai/.venv-libero/lib/python3.11/site-packages/torch/jit/__pycache__/_builtins.cpython-311.pyc
/home/edge-host/Documents/GitHub/embodied_ai/.venv-libero/lib/python3.11/site-packages/torch/jit/__pycache__/_check.cpython-311.pyc
/home/edge-host/Documents/GitHub/embodied_ai/.venv-libero/lib/python3.11/site-packages/torch/jit/__pycache__/_dataclass_impls.cpython-311.pyc
/home/edge-host/Documents/GitHub/embodied_ai/.venv-libero/lib/python3.11/site-packages/torch/jit/__pycache__/_decomposition_utils.cpython-311.pyc
/home/edge-host/Documents/GitHub/embodied_ai/.venv-libero/lib/python3.11/site-packages/torch/jit/__pycache__/_freeze.cpython-311.pyc
/home/edge-host/Documents/GitHub/embodied_ai/.venv-libero/lib/python3.11/site-packages/torch/jit/__pycache__/_fuser.cpython-311.pyc
/home/edge-host/Documents/GitHub/embodied_ai/.venv-libero/lib/python3.11/site-packages/torch/jit/__pycache__/_ir_utils.cpython-311.pyc
/home/edge-host/Documents/GitHub/embodied_ai/.venv-libero/lib/python3.11/site-packages/torch/jit/__pycache__/_monkeytype_config.cpython-311.pyc
/home/edge-host/Documents/GitHub/embodied_ai/.venv-libero/lib/python3.11/site-packages/torch/jit/__pycache__/_recursive.cpython-311.pyc
/home/edge-host/Documents/GitHub/embodied_ai/.venv-libero/lib/python3.11/site-packages/torch/jit/__pycache__/_script.cpython-311.pyc
/home/edge-host/Documents/GitHub/embodied_ai/.venv-libero/lib/python3.11/site-packages/torch/jit/__pycache__/_serialization.cpython-311.pyc
/home/edge-host/Documents/GitHub/embodied_ai/.venv-libero/lib/python3.11/site-packages/torch/jit/__pycache__/_state.cpython-311.pyc
/home/edge-host/Documents/GitHub/embodied_ai/.venv-libero/lib/python3.11/site-packages/torch/jit/__pycache__/_trace.cpython-311.pyc
/home/edge-host/Documents/GitHub/embodied_ai/.venv-libero/lib/python3.11/site-packages/torch/jit/__pycache__/annotations.cpython-311.pyc
/home/edge-host/Documents/GitHub/embodied_ai/.venv-libero/lib/python3.11/site-packages/torch/jit/__pycache__/frontend.cpython-311.pyc
/home/edge-host/Documents/GitHub/embodied_ai/.venv-libero/lib/python3.11/site-packages/torch/linalg/__pycache__/__init__.cpython-311.pyc
/home/edge-host/Documents/GitHub/embodied_ai/.venv-libero/lib/python3.11/site-packages/torch/masked/__pycache__/__init__.cpython-311.pyc
/home/edge-host/Documents/GitHub/embodied_ai/.venv-libero/lib/python3.11/site-packages/torch/masked/__pycache__/_docs.cpython-311.pyc
/home/edge-host/Documents/GitHub/embodied_ai/.venv-libero/lib/python3.11/site-packages/torch/masked/__pycache__/_ops.cpython-311.pyc
/home/edge-host/Documents/GitHub/embodied_ai/.venv-libero/lib/python3.11/site-packages/torch/masked/maskedtensor/__pycache__/__init__.cpython-311.pyc
/home/edge-host/Documents/GitHub/embodied_ai/.venv-libero/lib/python3.11/site-packages/torch/masked/maskedtensor/__pycache__/binary.cpython-311.pyc
/home/edge-host/Documents/GitHub/embodied_ai/.venv-libero/lib/python3.11/site-packages/torch/masked/maskedtensor/__pycache__/core.cpython-311.pyc
/home/edge-host/Documents/GitHub/embodied_ai/.venv-libero/lib/python3.11/site-packages/torch/masked/maskedtensor/__pycache__/creation.cpython-311.pyc
/home/edge-host/Documents/GitHub/embodied_ai/.venv-libero/lib/python3.11/site-packages/torch/masked/maskedtensor/__pycache__/passthrough.cpython-311.pyc
/home/edge-host/Documents/GitHub/embodied_ai/.venv-libero/lib/python3.11/site-packages/torch/masked/maskedtensor/__pycache__/reductions.cpython-311.pyc
/home/edge-host/Documents/GitHub/embodied_ai/.venv-libero/lib/python3.11/site-packages/torch/masked/maskedtensor/__pycache__/unary.cpython-311.pyc
/home/edge-host/Documents/GitHub/embodied_ai/.venv-libero/lib/python3.11/site-packages/torch/monitor/__pycache__/__init__.cpython-311.pyc
/home/edge-host/Documents/GitHub/embodied_ai/.venv-libero/lib/python3.11/site-packages/torch/mps/__pycache__/__init__.cpython-311.pyc
/home/edge-host/Documents/GitHub/embodied_ai/.venv-libero/lib/python3.11/site-packages/torch/mps/__pycache__/event.cpython-311.pyc
/home/edge-host/Documents/GitHub/embodied_ai/.venv-libero/lib/python3.11/site-packages/torch/mps/__pycache__/profiler.cpython-311.pyc
/home/edge-host/Documents/GitHub/embodied_ai/.venv-libero/lib/python3.11/site-packages/torch/mtia/__pycache__/__init__.cpython-311.pyc
/home/edge-host/Documents/GitHub/embodied_ai/.venv-libero/lib/python3.11/site-packages/torch/mtia/__pycache__/_utils.cpython-311.pyc
/home/edge-host/Documents/GitHub/embodied_ai/.venv-libero/lib/python3.11/site-packages/torch/mtia/__pycache__/memory.cpython-311.pyc
/home/edge-host/Documents/GitHub/embodied_ai/.venv-libero/lib/python3.11/site-packages/torch/mtia/__pycache__/mtia_graph.cpython-311.pyc
/home/edge-host/Documents/GitHub/embodied_ai/.venv-libero/lib/python3.11/site-packages/torch/multiprocessing/__pycache__/__init__.cpython-311.pyc
/home/edge-host/Documents/GitHub/embodied_ai/.venv-libero/lib/python3.11/site-packages/torch/multiprocessing/__pycache__/_atfork.cpython-311.pyc
/home/edge-host/Documents/GitHub/embodied_ai/.venv-libero/lib/python3.11/site-packages/torch/multiprocessing/__pycache__/reductions.cpython-311.pyc
/home/edge-host/Documents/GitHub/embodied_ai/.venv-libero/lib/python3.11/site-packages/torch/multiprocessing/__pycache__/spawn.cpython-311.pyc
/home/edge-host/Documents/GitHub/embodied_ai/.venv-libero/lib/python3.11/site-packages/torch/nested/__pycache__/__init__.cpython-311.pyc
/home/edge-host/Documents/GitHub/embodied_ai/.venv-libero/lib/python3.11/site-packages/torch/nested/_internal/__pycache__/__init__.cpython-311.pyc
/home/edge-host/Documents/GitHub/embodied_ai/.venv-libero/lib/python3.11/site-packages/torch/nested/_internal/__pycache__/nested_int.cpython-311.pyc
/home/edge-host/Documents/GitHub/embodied_ai/.venv-libero/lib/python3.11/site-packages/torch/nested/_internal/__pycache__/nested_tensor.cpython-311.pyc
/home/edge-host/Documents/GitHub/embodied_ai/.venv-libero/lib/python3.11/site-packages/torch/nn/__pycache__/__init__.cpython-311.pyc
/home/edge-host/Documents/GitHub/embodied_ai/.venv-libero/lib/python3.11/site-packages/torch/nn/__pycache__/_reduction.cpython-311.pyc
/home/edge-host/Documents/GitHub/embodied_ai/.venv-libero/lib/python3.11/site-packages/torch/nn/__pycache__/common_types.cpython-311.pyc
/home/edge-host/Documents/GitHub/embodied_ai/.venv-libero/lib/python3.11/site-packages/torch/nn/__pycache__/functional.cpython-311.pyc
/home/edge-host/Documents/GitHub/embodied_ai/.venv-libero/lib/python3.11/site-packages/torch/nn/__pycache__/grad.cpython-311.pyc
/home/edge-host/Documents/GitHub/embodied_ai/.venv-libero/lib/python3.11/site-packages/torch/nn/__pycache__/init.cpython-311.pyc
/home/edge-host/Documents/GitHub/embodied_ai/.venv-libero/lib/python3.11/site-packages/torch/nn/__pycache__/parameter.cpython-311.pyc
/home/edge-host/Documents/GitHub/embodied_ai/.venv-libero/lib/python3.11/site-packages/torch/nn/attention/__pycache__/__init__.cpython-311.pyc
/home/edge-host/Documents/GitHub/embodied_ai/.venv-libero/lib/python3.11/site-packages/torch/nn/attention/__pycache__/_fa3.cpython-311.pyc
/home/edge-host/Documents/GitHub/embodied_ai/.venv-libero/lib/python3.11/site-packages/torch/nn/attention/__pycache__/_fa4.cpython-311.pyc
/home/edge-host/Documents/GitHub/embodied_ai/.venv-libero/lib/python3.11/site-packages/torch/nn/attention/__pycache__/_registry.cpython-311.pyc
/home/edge-host/Documents/GitHub/embodied_ai/.venv-libero/lib/python3.11/site-packages/torch/nn/functional.py
/home/edge-host/Documents/GitHub/embodied_ai/.venv-libero/lib/python3.11/site-packages/torch/nn/intrinsic/__pycache__/__init__.cpython-311.pyc
/home/edge-host/Documents/GitHub/embodied_ai/.venv-libero/lib/python3.11/site-packages/torch/nn/intrinsic/modules/__pycache__/__init__.cpython-311.pyc
/home/edge-host/Documents/GitHub/embodied_ai/.venv-libero/lib/python3.11/site-packages/torch/nn/intrinsic/modules/__pycache__/fused.cpython-311.pyc
/home/edge-host/Documents/GitHub/embodied_ai/.venv-libero/lib/python3.11/site-packages/torch/nn/intrinsic/qat/__pycache__/__init__.cpython-311.pyc
/home/edge-host/Documents/GitHub/embodied_ai/.venv-libero/lib/python3.11/site-packages/torch/nn/intrinsic/qat/modules/__pycache__/__init__.cpython-311.pyc
/home/edge-host/Documents/GitHub/embodied_ai/.venv-libero/lib/python3.11/site-packages/torch/nn/intrinsic/qat/modules/__pycache__/conv_fused.cpython-311.pyc
/home/edge-host/Documents/GitHub/embodied_ai/.venv-libero/lib/python3.11/site-packages/torch/nn/intrinsic/qat/modules/__pycache__/linear_fused.cpython-311.pyc
/home/edge-host/Documents/GitHub/embodied_ai/.venv-libero/lib/python3.11/site-packages/torch/nn/intrinsic/qat/modules/__pycache__/linear_relu.cpython-311.pyc
/home/edge-host/Documents/GitHub/embodied_ai/.venv-libero/lib/python3.11/site-packages/torch/nn/intrinsic/quantized/__pycache__/__init__.cpython-311.pyc
/home/edge-host/Documents/GitHub/embodied_ai/.venv-libero/lib/python3.11/site-packages/torch/nn/intrinsic/quantized/dynamic/__pycache__/__init__.cpython-311.pyc
/home/edge-host/Documents/GitHub/embodied_ai/.venv-libero/lib/python3.11/site-packages/torch/nn/intrinsic/quantized/dynamic/modules/__pycache__/__init__.cpython-311.pyc
/home/edge-host/Documents/GitHub/embodied_ai/.venv-libero/lib/python3.11/site-packages/torch/nn/intrinsic/quantized/dynamic/modules/__pycache__/linear_relu.cpython-311.pyc
/home/edge-host/Documents/GitHub/embodied_ai/.venv-libero/lib/python3.11/site-packages/torch/nn/intrinsic/quantized/modules/__pycache__/__init__.cpython-311.pyc
/home/edge-host/Documents/GitHub/embodied_ai/.venv-libero/lib/python3.11/site-packages/torch/nn/intrinsic/quantized/modules/__pycache__/bn_relu.cpython-311.pyc
/home/edge-host/Documents/GitHub/embodied_ai/.venv-libero/lib/python3.11/site-packages/torch/nn/intrinsic/quantized/modules/__pycache__/conv_relu.cpython-311.pyc
/home/edge-host/Documents/GitHub/embodied_ai/.venv-libero/lib/python3.11/site-packages/torch/nn/intrinsic/quantized/modules/__pycache__/linear_relu.cpython-311.pyc
/home/edge-host/Documents/GitHub/embodied_ai/.venv-libero/lib/python3.11/site-packages/torch/nn/modules/__pycache__/__init__.cpython-311.pyc
/home/edge-host/Documents/GitHub/embodied_ai/.venv-libero/lib/python3.11/site-packages/torch/nn/modules/__pycache__/_functions.cpython-311.pyc
/home/edge-host/Documents/GitHub/embodied_ai/.venv-libero/lib/python3.11/site-packages/torch/nn/modules/__pycache__/activation.cpython-311.pyc
/home/edge-host/Documents/GitHub/embodied_ai/.venv-libero/lib/python3.11/site-packages/torch/nn/modules/__pycache__/adaptive.cpython-311.pyc
/home/edge-host/Documents/GitHub/embodied_ai/.venv-libero/lib/python3.11/site-packages/torch/nn/modules/__pycache__/batchnorm.cpython-311.pyc
/home/edge-host/Documents/GitHub/embodied_ai/.venv-libero/lib/python3.11/site-packages/torch/nn/modules/__pycache__/channelshuffle.cpython-311.pyc
/home/edge-host/Documents/GitHub/embodied_ai/.venv-libero/lib/python3.11/site-packages/torch/nn/modules/__pycache__/container.cpython-311.pyc
/home/edge-host/Documents/GitHub/embodied_ai/.venv-libero/lib/python3.11/site-packages/torch/nn/modules/__pycache__/conv.cpython-311.pyc
/home/edge-host/Documents/GitHub/embodied_ai/.venv-libero/lib/python3.11/site-packages/torch/nn/modules/__pycache__/distance.cpython-311.pyc
/home/edge-host/Documents/GitHub/embodied_ai/.venv-libero/lib/python3.11/site-packages/torch/nn/modules/__pycache__/dropout.cpython-311.pyc
/home/edge-host/Documents/GitHub/embodied_ai/.venv-libero/lib/python3.11/site-packages/torch/nn/modules/__pycache__/flatten.cpython-311.pyc
/home/edge-host/Documents/GitHub/embodied_ai/.venv-libero/lib/python3.11/site-packages/torch/nn/modules/__pycache__/fold.cpython-311.pyc
/home/edge-host/Documents/GitHub/embodied_ai/.venv-libero/lib/python3.11/site-packages/torch/nn/modules/__pycache__/instancenorm.cpython-311.pyc
/home/edge-host/Documents/GitHub/embodied_ai/.venv-libero/lib/python3.11/site-packages/torch/nn/modules/__pycache__/lazy.cpython-311.pyc
/home/edge-host/Documents/GitHub/embodied_ai/.venv-libero/lib/python3.11/site-packages/torch/nn/modules/__pycache__/linear.cpython-311.pyc
/home/edge-host/Documents/GitHub/embodied_ai/.venv-libero/lib/python3.11/site-packages/torch/nn/modules/__pycache__/linear_cross_entropy_options.cpython-311.pyc
/home/edge-host/Documents/GitHub/embodied_ai/.venv-libero/lib/python3.11/site-packages/torch/nn/modules/__pycache__/loss.cpython-311.pyc
/home/edge-host/Documents/GitHub/embodied_ai/.venv-libero/lib/python3.11/site-packages/torch/nn/modules/__pycache__/module.cpython-311.pyc
/home/edge-host/Documents/GitHub/embodied_ai/.venv-libero/lib/python3.11/site-packages/torch/nn/modules/__pycache__/normalization.cpython-311.pyc
/home/edge-host/Documents/GitHub/embodied_ai/.venv-libero/lib/python3.11/site-packages/torch/nn/modules/__pycache__/padding.cpython-311.pyc
/home/edge-host/Documents/GitHub/embodied_ai/.venv-libero/lib/python3.11/site-packages/torch/nn/modules/__pycache__/pixelshuffle.cpython-311.pyc
/home/edge-host/Documents/GitHub/embodied_ai/.venv-libero/lib/python3.11/site-packages/torch/nn/modules/__pycache__/pooling.cpython-311.pyc
/home/edge-host/Documents/GitHub/embodied_ai/.venv-libero/lib/python3.11/site-packages/torch/nn/modules/__pycache__/rnn.cpython-311.pyc
/home/edge-host/Documents/GitHub/embodied_ai/.venv-libero/lib/python3.11/site-packages/torch/nn/modules/__pycache__/sparse.cpython-311.pyc
/home/edge-host/Documents/GitHub/embodied_ai/.venv-libero/lib/python3.11/site-packages/torch/nn/modules/__pycache__/transformer.cpython-311.pyc
/home/edge-host/Documents/GitHub/embodied_ai/.venv-libero/lib/python3.11/site-packages/torch/nn/modules/__pycache__/upsampling.cpython-311.pyc
/home/edge-host/Documents/GitHub/embodied_ai/.venv-libero/lib/python3.11/site-packages/torch/nn/modules/__pycache__/utils.cpython-311.pyc
/home/edge-host/Documents/GitHub/embodied_ai/.venv-libero/lib/python3.11/site-packages/torch/nn/modules/rnn.py
/home/edge-host/Documents/GitHub/embodied_ai/.venv-libero/lib/python3.11/site-packages/torch/nn/parallel/__pycache__/__init__.cpython-311.pyc
/home/edge-host/Documents/GitHub/embodied_ai/.venv-libero/lib/python3.11/site-packages/torch/nn/parallel/__pycache__/_functions.cpython-311.pyc
/home/edge-host/Documents/GitHub/embodied_ai/.venv-libero/lib/python3.11/site-packages/torch/nn/parallel/__pycache__/comm.cpython-311.pyc
/home/edge-host/Documents/GitHub/embodied_ai/.venv-libero/lib/python3.11/site-packages/torch/nn/parallel/__pycache__/data_parallel.cpython-311.pyc
/home/edge-host/Documents/GitHub/embodied_ai/.venv-libero/lib/python3.11/site-packages/torch/nn/parallel/__pycache__/distributed.cpython-311.pyc
/home/edge-host/Documents/GitHub/embodied_ai/.venv-libero/lib/python3.11/site-packages/torch/nn/parallel/__pycache__/parallel_apply.cpython-311.pyc
/home/edge-host/Documents/GitHub/embodied_ai/.venv-libero/lib/python3.11/site-packages/torch/nn/parallel/__pycache__/replicate.cpython-311.pyc
/home/edge-host/Documents/GitHub/embodied_ai/.venv-libero/lib/python3.11/site-packages/torch/nn/parallel/__pycache__/scatter_gather.cpython-311.pyc
/home/edge-host/Documents/GitHub/embodied_ai/.venv-libero/lib/python3.11/site-packages/torch/nn/qat/__pycache__/__init__.cpython-311.pyc
/home/edge-host/Documents/GitHub/embodied_ai/.venv-libero/lib/python3.11/site-packages/torch/nn/qat/dynamic/__pycache__/__init__.cpython-311.pyc
/home/edge-host/Documents/GitHub/embodied_ai/.venv-libero/lib/python3.11/site-packages/torch/nn/qat/dynamic/modules/__pycache__/__init__.cpython-311.pyc
/home/edge-host/Documents/GitHub/embodied_ai/.venv-libero/lib/python3.11/site-packages/torch/nn/qat/dynamic/modules/__pycache__/linear.cpython-311.pyc
/home/edge-host/Documents/GitHub/embodied_ai/.venv-libero/lib/python3.11/site-packages/torch/nn/qat/modules/__pycache__/__init__.cpython-311.pyc
/home/edge-host/Documents/GitHub/embodied_ai/.venv-libero/lib/python3.11/site-packages/torch/nn/qat/modules/__pycache__/conv.cpython-311.pyc
/home/edge-host/Documents/GitHub/embodied_ai/.venv-libero/lib/python3.11/site-packages/torch/nn/qat/modules/__pycache__/embedding_ops.cpython-311.pyc
/home/edge-host/Documents/GitHub/embodied_ai/.venv-libero/lib/python3.11/site-packages/torch/nn/qat/modules/__pycache__/linear.cpython-311.pyc
/home/edge-host/Documents/GitHub/embodied_ai/.venv-libero/lib/python3.11/site-packages/torch/nn/quantizable/__pycache__/__init__.cpython-311.pyc
/home/edge-host/Documents/GitHub/embodied_ai/.venv-libero/lib/python3.11/site-packages/torch/nn/quantizable/modules/__pycache__/__init__.cpython-311.pyc
/home/edge-host/Documents/GitHub/embodied_ai/.venv-libero/lib/python3.11/site-packages/torch/nn/quantized/__pycache__/__init__.cpython-311.pyc
/home/edge-host/Documents/GitHub/embodied_ai/.venv-libero/lib/python3.11/site-packages/torch/nn/quantized/__pycache__/functional.cpython-311.pyc
/home/edge-host/Documents/GitHub/embodied_ai/.venv-libero/lib/python3.11/site-packages/torch/nn/quantized/dynamic/__pycache__/__init__.cpython-311.pyc
/home/edge-host/Documents/GitHub/embodied_ai/.venv-libero/lib/python3.11/site-packages/torch/nn/quantized/modules/__pycache__/__init__.cpython-311.pyc
/home/edge-host/Documents/GitHub/embodied_ai/.venv-libero/lib/python3.11/site-packages/torch/nn/utils/__pycache__/__init__.cpython-311.pyc
/home/edge-host/Documents/GitHub/embodied_ai/.venv-libero/lib/python3.11/site-packages/torch/nn/utils/__pycache__/_named_member_accessor.cpython-311.pyc
/home/edge-host/Documents/GitHub/embodied_ai/.venv-libero/lib/python3.11/site-packages/torch/nn/utils/__pycache__/clip_grad.cpython-311.pyc
/home/edge-host/Documents/GitHub/embodied_ai/.venv-libero/lib/python3.11/site-packages/torch/nn/utils/__pycache__/convert_parameters.cpython-311.pyc
/home/edge-host/Documents/GitHub/embodied_ai/.venv-libero/lib/python3.11/site-packages/torch/nn/utils/__pycache__/fusion.cpython-311.pyc
/home/edge-host/Documents/GitHub/embodied_ai/.venv-libero/lib/python3.11/site-packages/torch/nn/utils/__pycache__/init.cpython-311.pyc
/home/edge-host/Documents/GitHub/embodied_ai/.venv-libero/lib/python3.11/site-packages/torch/nn/utils/__pycache__/memory_format.cpython-311.pyc
/home/edge-host/Documents/GitHub/embodied_ai/.venv-libero/lib/python3.11/site-packages/torch/nn/utils/__pycache__/parametrizations.cpython-311.pyc
/home/edge-host/Documents/GitHub/embodied_ai/.venv-libero/lib/python3.11/site-packages/torch/nn/utils/__pycache__/parametrize.cpython-311.pyc
/home/edge-host/Documents/GitHub/embodied_ai/.venv-libero/lib/python3.11/site-packages/torch/nn/utils/__pycache__/rnn.cpython-311.pyc
/home/edge-host/Documents/GitHub/embodied_ai/.venv-libero/lib/python3.11/site-packages/torch/nn/utils/__pycache__/spectral_norm.cpython-311.pyc
/home/edge-host/Documents/GitHub/embodied_ai/.venv-libero/lib/python3.11/site-packages/torch/nn/utils/__pycache__/stateless.cpython-311.pyc
/home/edge-host/Documents/GitHub/embodied_ai/.venv-libero/lib/python3.11/site-packages/torch/nn/utils/__pycache__/weight_norm.cpython-311.pyc
/home/edge-host/Documents/GitHub/embodied_ai/.venv-libero/lib/python3.11/site-packages/torch/optim/__pycache__/__init__.cpython-311.pyc
/home/edge-host/Documents/GitHub/embodied_ai/.venv-libero/lib/python3.11/site-packages/torch/optim/__pycache__/_adafactor.cpython-311.pyc
/home/edge-host/Documents/GitHub/embodied_ai/.venv-libero/lib/python3.11/site-packages/torch/optim/__pycache__/_functional.cpython-311.pyc
/home/edge-host/Documents/GitHub/embodied_ai/.venv-libero/lib/python3.11/site-packages/torch/optim/__pycache__/_muon.cpython-311.pyc
/home/edge-host/Documents/GitHub/embodied_ai/.venv-libero/lib/python3.11/site-packages/torch/optim/__pycache__/_stateless.cpython-311.pyc
/home/edge-host/Documents/GitHub/embodied_ai/.venv-libero/lib/python3.11/site-packages/torch/optim/__pycache__/adadelta.cpython-311.pyc
/home/edge-host/Documents/GitHub/embodied_ai/.venv-libero/lib/python3.11/site-packages/torch/optim/__pycache__/adagrad.cpython-311.pyc
/home/edge-host/Documents/GitHub/embodied_ai/.venv-libero/lib/python3.11/site-packages/torch/optim/__pycache__/adam.cpython-311.pyc
/home/edge-host/Documents/GitHub/embodied_ai/.venv-libero/lib/python3.11/site-packages/torch/optim/__pycache__/adamax.cpython-311.pyc
/home/edge-host/Documents/GitHub/embodied_ai/.venv-libero/lib/python3.11/site-packages/torch/optim/__pycache__/adamw.cpython-311.pyc
/home/edge-host/Documents/GitHub/embodied_ai/.venv-libero/lib/python3.11/site-packages/torch/optim/__pycache__/asgd.cpython-311.pyc
/home/edge-host/Documents/GitHub/embodied_ai/.venv-libero/lib/python3.11/site-packages/torch/optim/__pycache__/lbfgs.cpython-311.pyc
/home/edge-host/Documents/GitHub/embodied_ai/.venv-libero/lib/python3.11/site-packages/torch/optim/__pycache__/lr_scheduler.cpython-311.pyc
/home/edge-host/Documents/GitHub/embodied_ai/.venv-libero/lib/python3.11/site-packages/torch/optim/__pycache__/nadam.cpython-311.pyc
/home/edge-host/Documents/GitHub/embodied_ai/.venv-libero/lib/python3.11/site-packages/torch/optim/__pycache__/optimizer.cpython-311.pyc
/home/edge-host/Documents/GitHub/embodied_ai/.venv-libero/lib/python3.11/site-packages/torch/optim/__pycache__/radam.cpython-311.pyc
/home/edge-host/Documents/GitHub/embodied_ai/.venv-libero/lib/python3.11/site-packages/torch/optim/__pycache__/rmsprop.cpython-311.pyc
/home/edge-host/Documents/GitHub/embodied_ai/.venv-libero/lib/python3.11/site-packages/torch/optim/__pycache__/rprop.cpython-311.pyc
/home/edge-host/Documents/GitHub/embodied_ai/.venv-libero/lib/python3.11/site-packages/torch/optim/__pycache__/sgd.cpython-311.pyc
/home/edge-host/Documents/GitHub/embodied_ai/.venv-libero/lib/python3.11/site-packages/torch/optim/__pycache__/sparse_adam.cpython-311.pyc
/home/edge-host/Documents/GitHub/embodied_ai/.venv-libero/lib/python3.11/site-packages/torch/optim/__pycache__/swa_utils.cpython-311.pyc
/home/edge-host/Documents/GitHub/embodied_ai/.venv-libero/lib/python3.11/site-packages/torch/package/__pycache__/__init__.cpython-311.pyc
/home/edge-host/Documents/GitHub/embodied_ai/.venv-libero/lib/python3.11/site-packages/torch/package/__pycache__/_digraph.cpython-311.pyc
/home/edge-host/Documents/GitHub/embodied_ai/.venv-libero/lib/python3.11/site-packages/torch/package/__pycache__/_directory_reader.cpython-311.pyc
/home/edge-host/Documents/GitHub/embodied_ai/.venv-libero/lib/python3.11/site-packages/torch/package/__pycache__/_importlib.cpython-311.pyc
/home/edge-host/Documents/GitHub/embodied_ai/.venv-libero/lib/python3.11/site-packages/torch/package/__pycache__/_mangling.cpython-311.pyc
/home/edge-host/Documents/GitHub/embodied_ai/.venv-libero/lib/python3.11/site-packages/torch/package/__pycache__/_package_pickler.cpython-311.pyc
/home/edge-host/Documents/GitHub/embodied_ai/.venv-libero/lib/python3.11/site-packages/torch/package/__pycache__/_package_unpickler.cpython-311.pyc
/home/edge-host/Documents/GitHub/embodied_ai/.venv-libero/lib/python3.11/site-packages/torch/package/__pycache__/_stdlib.cpython-311.pyc
/home/edge-host/Documents/GitHub/embodied_ai/.venv-libero/lib/python3.11/site-packages/torch/package/__pycache__/file_structure_representation.cpython-311.pyc
/home/edge-host/Documents/GitHub/embodied_ai/.venv-libero/lib/python3.11/site-packages/torch/package/__pycache__/find_file_dependencies.cpython-311.pyc
/home/edge-host/Documents/GitHub/embodied_ai/.venv-libero/lib/python3.11/site-packages/torch/package/__pycache__/glob_group.cpython-311.pyc
/home/edge-host/Documents/GitHub/embodied_ai/.venv-libero/lib/python3.11/site-packages/torch/package/__pycache__/importer.cpython-311.pyc
/home/edge-host/Documents/GitHub/embodied_ai/.venv-libero/lib/python3.11/site-packages/torch/package/__pycache__/package_exporter.cpython-311.pyc
/home/edge-host/Documents/GitHub/embodied_ai/.venv-libero/lib/python3.11/site-packages/torch/package/__pycache__/package_importer.cpython-311.pyc
/home/edge-host/Documents/GitHub/embodied_ai/.venv-libero/lib/python3.11/site-packages/torch/package/analyze/__pycache__/__init__.cpython-311.pyc
/home/edge-host/Documents/GitHub/embodied_ai/.venv-libero/lib/python3.11/site-packages/torch/package/analyze/__pycache__/find_first_use_of_broken_modules.cpython-311.pyc
/home/edge-host/Documents/GitHub/embodied_ai/.venv-libero/lib/python3.11/site-packages/torch/package/analyze/__pycache__/is_from_package.cpython-311.pyc
/home/edge-host/Documents/GitHub/embodied_ai/.venv-libero/lib/python3.11/site-packages/torch/package/analyze/__pycache__/trace_dependencies.cpython-311.pyc
/home/edge-host/Documents/GitHub/embodied_ai/.venv-libero/lib/python3.11/site-packages/torch/profiler/__pycache__/__init__.cpython-311.pyc
/home/edge-host/Documents/GitHub/embodied_ai/.venv-libero/lib/python3.11/site-packages/torch/profiler/__pycache__/_memory_profiler.cpython-311.pyc
/home/edge-host/Documents/GitHub/embodied_ai/.venv-libero/lib/python3.11/site-packages/torch/profiler/__pycache__/_utils.cpython-311.pyc
/home/edge-host/Documents/GitHub/embodied_ai/.venv-libero/lib/python3.11/site-packages/torch/profiler/__pycache__/itt.cpython-311.pyc
/home/edge-host/Documents/GitHub/embodied_ai/.venv-libero/lib/python3.11/site-packages/torch/profiler/__pycache__/profiler.cpython-311.pyc
/home/edge-host/Documents/GitHub/embodied_ai/.venv-libero/lib/python3.11/site-packages/torch/quantization/__pycache__/__init__.cpython-311.pyc
/home/edge-host/Documents/GitHub/embodied_ai/.venv-libero/lib/python3.11/site-packages/torch/quantization/__pycache__/fake_quantize.cpython-311.pyc
/home/edge-host/Documents/GitHub/embodied_ai/.venv-libero/lib/python3.11/site-packages/torch/quantization/__pycache__/fuse_modules.cpython-311.pyc
/home/edge-host/Documents/GitHub/embodied_ai/.venv-libero/lib/python3.11/site-packages/torch/quantization/__pycache__/fuser_method_mappings.cpython-311.pyc
/home/edge-host/Documents/GitHub/embodied_ai/.venv-libero/lib/python3.11/site-packages/torch/quantization/__pycache__/observer.cpython-311.pyc
/home/edge-host/Documents/GitHub/embodied_ai/.venv-libero/lib/python3.11/site-packages/torch/quantization/__pycache__/qconfig.cpython-311.pyc
/home/edge-host/Documents/GitHub/embodied_ai/.venv-libero/lib/python3.11/site-packages/torch/quantization/__pycache__/quant_type.cpython-311.pyc
/home/edge-host/Documents/GitHub/embodied_ai/.venv-libero/lib/python3.11/site-packages/torch/quantization/__pycache__/quantization_mappings.cpython-311.pyc
/home/edge-host/Documents/GitHub/embodied_ai/.venv-libero/lib/python3.11/site-packages/torch/quantization/__pycache__/quantize.cpython-311.pyc
/home/edge-host/Documents/GitHub/embodied_ai/.venv-libero/lib/python3.11/site-packages/torch/quantization/__pycache__/quantize_jit.cpython-311.pyc
/home/edge-host/Documents/GitHub/embodied_ai/.venv-libero/lib/python3.11/site-packages/torch/quantization/__pycache__/stubs.cpython-311.pyc
/home/edge-host/Documents/GitHub/embodied_ai/.venv-libero/lib/python3.11/site-packages/torch/signal/__pycache__/__init__.cpython-311.pyc
/home/edge-host/Documents/GitHub/embodied_ai/.venv-libero/lib/python3.11/site-packages/torch/signal/windows/__pycache__/__init__.cpython-311.pyc
/home/edge-host/Documents/GitHub/embodied_ai/.venv-libero/lib/python3.11/site-packages/torch/signal/windows/__pycache__/windows.cpython-311.pyc
/home/edge-host/Documents/GitHub/embodied_ai/.venv-libero/lib/python3.11/site-packages/torch/sparse/__pycache__/__init__.cpython-311.pyc
/home/edge-host/Documents/GitHub/embodied_ai/.venv-libero/lib/python3.11/site-packages/torch/sparse/__pycache__/_semi_structured_conversions.cpython-311.pyc
/home/edge-host/Documents/GitHub/embodied_ai/.venv-libero/lib/python3.11/site-packages/torch/sparse/__pycache__/_semi_structured_ops.cpython-311.pyc
/home/edge-host/Documents/GitHub/embodied_ai/.venv-libero/lib/python3.11/site-packages/torch/sparse/__pycache__/semi_structured.cpython-311.pyc
/home/edge-host/Documents/GitHub/embodied_ai/.venv-libero/lib/python3.11/site-packages/torch/special/__pycache__/__init__.cpython-311.pyc
/home/edge-host/Documents/GitHub/embodied_ai/.venv-libero/lib/python3.11/site-packages/torch/testing/__pycache__/__init__.cpython-311.pyc
/home/edge-host/Documents/GitHub/embodied_ai/.venv-libero/lib/python3.11/site-packages/torch/testing/__pycache__/_comparison.cpython-311.pyc
/home/edge-host/Documents/GitHub/embodied_ai/.venv-libero/lib/python3.11/site-packages/torch/testing/__pycache__/_creation.cpython-311.pyc
/home/edge-host/Documents/GitHub/embodied_ai/.venv-libero/lib/python3.11/site-packages/torch/testing/__pycache__/_utils.cpython-311.pyc
/home/edge-host/Documents/GitHub/embodied_ai/.venv-libero/lib/python3.11/site-packages/torch/testing/_internal/__pycache__/__init__.cpython-311.pyc
/home/edge-host/Documents/GitHub/embodied_ai/.venv-libero/lib/python3.11/site-packages/torch/testing/_internal/__pycache__/common_dtype.cpython-311.pyc
/home/edge-host/Documents/GitHub/embodied_ai/.venv-libero/lib/python3.11/site-packages/torch/testing/_internal/__pycache__/logging_tensor.cpython-311.pyc
/home/edge-host/Documents/GitHub/embodied_ai/.venv-libero/lib/python3.11/site-packages/torch/utils/__pycache__/__init__.cpython-311.pyc
/home/edge-host/Documents/GitHub/embodied_ai/.venv-libero/lib/python3.11/site-packages/torch/utils/__pycache__/_appending_byte_serializer.cpython-311.pyc
/home/edge-host/Documents/GitHub/embodied_ai/.venv-libero/lib/python3.11/site-packages/torch/utils/__pycache__/_config_module.cpython-311.pyc
/home/edge-host/Documents/GitHub/embodied_ai/.venv-libero/lib/python3.11/site-packages/torch/utils/__pycache__/_content_store.cpython-311.pyc
/home/edge-host/Documents/GitHub/embodied_ai/.venv-libero/lib/python3.11/site-packages/torch/utils/__pycache__/_contextlib.cpython-311.pyc
/home/edge-host/Documents/GitHub/embodied_ai/.venv-libero/lib/python3.11/site-packages/torch/utils/__pycache__/_dtype_abbrs.cpython-311.pyc
/home/edge-host/Documents/GitHub/embodied_ai/.venv-libero/lib/python3.11/site-packages/torch/utils/__pycache__/_exposed_in.cpython-311.pyc
/home/edge-host/Documents/GitHub/embodied_ai/.venv-libero/lib/python3.11/site-packages/torch/utils/__pycache__/_foreach_utils.cpython-311.pyc
/home/edge-host/Documents/GitHub/embodied_ai/.venv-libero/lib/python3.11/site-packages/torch/utils/__pycache__/_import_utils.cpython-311.pyc
/home/edge-host/Documents/GitHub/embodied_ai/.venv-libero/lib/python3.11/site-packages/torch/utils/__pycache__/_inspect.cpython-311.pyc
/home/edge-host/Documents/GitHub/embodied_ai/.venv-libero/lib/python3.11/site-packages/torch/utils/__pycache__/_mode_utils.cpython-311.pyc
/home/edge-host/Documents/GitHub/embodied_ai/.venv-libero/lib/python3.11/site-packages/torch/utils/__pycache__/_ordered_set.cpython-311.pyc
/home/edge-host/Documents/GitHub/embodied_ai/.venv-libero/lib/python3.11/site-packages/torch/utils/__pycache__/_python_dispatch.cpython-311.pyc
/home/edge-host/Documents/GitHub/embodied_ai/.venv-libero/lib/python3.11/site-packages/torch/utils/__pycache__/_pytree.cpython-311.pyc
/home/edge-host/Documents/GitHub/embodied_ai/.venv-libero/lib/python3.11/site-packages/torch/utils/__pycache__/_stats.cpython-311.pyc
/home/edge-host/Documents/GitHub/embodied_ai/.venv-libero/lib/python3.11/site-packages/torch/utils/__pycache__/_thunk.cpython-311.pyc
/home/edge-host/Documents/GitHub/embodied_ai/.venv-libero/lib/python3.11/site-packages/torch/utils/__pycache__/_traceback.cpython-311.pyc
/home/edge-host/Documents/GitHub/embodied_ai/.venv-libero/lib/python3.11/site-packages/torch/utils/__pycache__/_typing_utils.cpython-311.pyc
/home/edge-host/Documents/GitHub/embodied_ai/.venv-libero/lib/python3.11/site-packages/torch/utils/__pycache__/backend_registration.cpython-311.pyc
/home/edge-host/Documents/GitHub/embodied_ai/.venv-libero/lib/python3.11/site-packages/torch/utils/__pycache__/checkpoint.cpython-311.pyc
/home/edge-host/Documents/GitHub/embodied_ai/.venv-libero/lib/python3.11/site-packages/torch/utils/__pycache__/collect_env.cpython-311.pyc
/home/edge-host/Documents/GitHub/embodied_ai/.venv-libero/lib/python3.11/site-packages/torch/utils/__pycache__/cpp_backtrace.cpython-311.pyc
/home/edge-host/Documents/GitHub/embodied_ai/.venv-libero/lib/python3.11/site-packages/torch/utils/__pycache__/deterministic.cpython-311.pyc
/home/edge-host/Documents/GitHub/embodied_ai/.venv-libero/lib/python3.11/site-packages/torch/utils/__pycache__/dlpack.cpython-311.pyc
/home/edge-host/Documents/GitHub/embodied_ai/.venv-libero/lib/python3.11/site-packages/torch/utils/__pycache__/hooks.cpython-311.pyc
/home/edge-host/Documents/GitHub/embodied_ai/.venv-libero/lib/python3.11/site-packages/torch/utils/__pycache__/throughput_benchmark.cpython-311.pyc
/home/edge-host/Documents/GitHub/embodied_ai/.venv-libero/lib/python3.11/site-packages/torch/utils/__pycache__/weak.cpython-311.pyc
/home/edge-host/Documents/GitHub/embodied_ai/.venv-libero/lib/python3.11/site-packages/torch/utils/_debug_mode/__pycache__/__init__.cpython-311.pyc
/home/edge-host/Documents/GitHub/embodied_ai/.venv-libero/lib/python3.11/site-packages/torch/utils/_debug_mode/__pycache__/_calls.cpython-311.pyc
/home/edge-host/Documents/GitHub/embodied_ai/.venv-libero/lib/python3.11/site-packages/torch/utils/_debug_mode/__pycache__/_mode.cpython-311.pyc
/home/edge-host/Documents/GitHub/embodied_ai/.venv-libero/lib/python3.11/site-packages/torch/utils/_debug_mode/__pycache__/_utils.cpython-311.pyc
/home/edge-host/Documents/GitHub/embodied_ai/.venv-libero/lib/python3.11/site-packages/torch/utils/_debug_mode/_mode.py
/home/edge-host/Documents/GitHub/embodied_ai/.venv-libero/lib/python3.11/site-packages/torch/utils/backcompat/__pycache__/__init__.cpython-311.pyc
/home/edge-host/Documents/GitHub/embodied_ai/.venv-libero/lib/python3.11/site-packages/torch/utils/data/__pycache__/__init__.cpython-311.pyc
/home/edge-host/Documents/GitHub/embodied_ai/.venv-libero/lib/python3.11/site-packages/torch/utils/data/__pycache__/dataloader.cpython-311.pyc
/home/edge-host/Documents/GitHub/embodied_ai/.venv-libero/lib/python3.11/site-packages/torch/utils/data/__pycache__/dataset.cpython-311.pyc
/home/edge-host/Documents/GitHub/embodied_ai/.venv-libero/lib/python3.11/site-packages/torch/utils/data/__pycache__/distributed.cpython-311.pyc
/home/edge-host/Documents/GitHub/embodied_ai/.venv-libero/lib/python3.11/site-packages/torch/utils/data/__pycache__/graph.cpython-311.pyc
/home/edge-host/Documents/GitHub/embodied_ai/.venv-libero/lib/python3.11/site-packages/torch/utils/data/__pycache__/graph_settings.cpython-311.pyc
/home/edge-host/Documents/GitHub/embodied_ai/.venv-libero/lib/python3.11/site-packages/torch/utils/data/__pycache__/sampler.cpython-311.pyc
/home/edge-host/Documents/GitHub/embodied_ai/.venv-libero/lib/python3.11/site-packages/torch/utils/data/_utils/__pycache__/__init__.cpython-311.pyc
/home/edge-host/Documents/GitHub/embodied_ai/.venv-libero/lib/python3.11/site-packages/torch/utils/data/_utils/__pycache__/collate.cpython-311.pyc
/home/edge-host/Documents/GitHub/embodied_ai/.venv-libero/lib/python3.11/site-packages/torch/utils/data/_utils/__pycache__/fetch.cpython-311.pyc
/home/edge-host/Documents/GitHub/embodied_ai/.venv-libero/lib/python3.11/site-packages/torch/utils/data/_utils/__pycache__/pin_memory.cpython-311.pyc
/home/edge-host/Documents/GitHub/embodied_ai/.venv-libero/lib/python3.11/site-packages/torch/utils/data/_utils/__pycache__/signal_handling.cpython-311.pyc
/home/edge-host/Documents/GitHub/embodied_ai/.venv-libero/lib/python3.11/site-packages/torch/utils/data/_utils/__pycache__/worker.cpython-311.pyc
/home/edge-host/Documents/GitHub/embodied_ai/.venv-libero/lib/python3.11/site-packages/torch/utils/data/datapipes/__pycache__/__init__.cpython-311.pyc
/home/edge-host/Documents/GitHub/embodied_ai/.venv-libero/lib/python3.11/site-packages/torch/utils/data/datapipes/__pycache__/_decorator.cpython-311.pyc
/home/edge-host/Documents/GitHub/embodied_ai/.venv-libero/lib/python3.11/site-packages/torch/utils/data/datapipes/__pycache__/_hook_iterator.cpython-311.pyc
/home/edge-host/Documents/GitHub/embodied_ai/.venv-libero/lib/python3.11/site-packages/torch/utils/data/datapipes/__pycache__/_typing.cpython-311.pyc
/home/edge-host/Documents/GitHub/embodied_ai/.venv-libero/lib/python3.11/site-packages/torch/utils/data/datapipes/__pycache__/datapipe.cpython-311.pyc
/home/edge-host/Documents/GitHub/embodied_ai/.venv-libero/lib/python3.11/site-packages/torch/utils/data/datapipes/dataframe/__pycache__/__init__.cpython-311.pyc
/home/edge-host/Documents/GitHub/embodied_ai/.venv-libero/lib/python3.11/site-packages/torch/utils/data/datapipes/dataframe/__pycache__/dataframe_wrapper.cpython-311.pyc
/home/edge-host/Documents/GitHub/embodied_ai/.venv-libero/lib/python3.11/site-packages/torch/utils/data/datapipes/dataframe/__pycache__/dataframes.cpython-311.pyc
/home/edge-host/Documents/GitHub/embodied_ai/.venv-libero/lib/python3.11/site-packages/torch/utils/data/datapipes/dataframe/__pycache__/datapipes.cpython-311.pyc
/home/edge-host/Documents/GitHub/embodied_ai/.venv-libero/lib/python3.11/site-packages/torch/utils/data/datapipes/dataframe/__pycache__/structures.cpython-311.pyc
/home/edge-host/Documents/GitHub/embodied_ai/.venv-libero/lib/python3.11/site-packages/torch/utils/data/datapipes/iter/__pycache__/__init__.cpython-311.pyc
/home/edge-host/Documents/GitHub/embodied_ai/.venv-libero/lib/python3.11/site-packages/torch/utils/data/datapipes/iter/__pycache__/callable.cpython-311.pyc
/home/edge-host/Documents/GitHub/embodied_ai/.venv-libero/lib/python3.11/site-packages/torch/utils/data/datapipes/iter/__pycache__/combinatorics.cpython-311.pyc
/home/edge-host/Documents/GitHub/embodied_ai/.venv-libero/lib/python3.11/site-packages/torch/utils/data/datapipes/iter/__pycache__/combining.cpython-311.pyc
/home/edge-host/Documents/GitHub/embodied_ai/.venv-libero/lib/python3.11/site-packages/torch/utils/data/datapipes/iter/__pycache__/filelister.cpython-311.pyc
/home/edge-host/Documents/GitHub/embodied_ai/.venv-libero/lib/python3.11/site-packages/torch/utils/data/datapipes/iter/__pycache__/fileopener.cpython-311.pyc
/home/edge-host/Documents/GitHub/embodied_ai/.venv-libero/lib/python3.11/site-packages/torch/utils/data/datapipes/iter/__pycache__/grouping.cpython-311.pyc
/home/edge-host/Documents/GitHub/embodied_ai/.venv-libero/lib/python3.11/site-packages/torch/utils/data/datapipes/iter/__pycache__/routeddecoder.cpython-311.pyc
/home/edge-host/Documents/GitHub/embodied_ai/.venv-libero/lib/python3.11/site-packages/torch/utils/data/datapipes/iter/__pycache__/selecting.cpython-311.pyc
/home/edge-host/Documents/GitHub/embodied_ai/.venv-libero/lib/python3.11/site-packages/torch/utils/data/datapipes/iter/__pycache__/sharding.cpython-311.pyc
/home/edge-host/Documents/GitHub/embodied_ai/.venv-libero/lib/python3.11/site-packages/torch/utils/data/datapipes/iter/__pycache__/streamreader.cpython-311.pyc
/home/edge-host/Documents/GitHub/embodied_ai/.venv-libero/lib/python3.11/site-packages/torch/utils/data/datapipes/iter/__pycache__/utils.cpython-311.pyc
/home/edge-host/Documents/GitHub/embodied_ai/.venv-libero/lib/python3.11/site-packages/torch/utils/data/datapipes/map/__pycache__/__init__.cpython-311.pyc
/home/edge-host/Documents/GitHub/embodied_ai/.venv-libero/lib/python3.11/site-packages/torch/utils/data/datapipes/map/__pycache__/callable.cpython-311.pyc
/home/edge-host/Documents/GitHub/embodied_ai/.venv-libero/lib/python3.11/site-packages/torch/utils/data/datapipes/map/__pycache__/combinatorics.cpython-311.pyc
/home/edge-host/Documents/GitHub/embodied_ai/.venv-libero/lib/python3.11/site-packages/torch/utils/data/datapipes/map/__pycache__/combining.cpython-311.pyc
/home/edge-host/Documents/GitHub/embodied_ai/.venv-libero/lib/python3.11/site-packages/torch/utils/data/datapipes/map/__pycache__/grouping.cpython-311.pyc
/home/edge-host/Documents/GitHub/embodied_ai/.venv-libero/lib/python3.11/site-packages/torch/utils/data/datapipes/map/__pycache__/utils.cpython-311.pyc
/home/edge-host/Documents/GitHub/embodied_ai/.venv-libero/lib/python3.11/site-packages/torch/utils/data/datapipes/utils/__pycache__/__init__.cpython-311.pyc
/home/edge-host/Documents/GitHub/embodied_ai/.venv-libero/lib/python3.11/site-packages/torch/utils/data/datapipes/utils/__pycache__/common.cpython-311.pyc
/home/edge-host/Documents/GitHub/embodied_ai/.venv-libero/lib/python3.11/site-packages/torch/utils/data/datapipes/utils/__pycache__/decoder.cpython-311.pyc
/home/edge-host/Documents/GitHub/embodied_ai/.venv-libero/lib/python3.11/site-packages/torch/utils/serialization/__pycache__/__init__.cpython-311.pyc
/home/edge-host/Documents/GitHub/embodied_ai/.venv-libero/lib/python3.11/site-packages/torch/utils/serialization/__pycache__/config.cpython-311.pyc
/home/edge-host/Documents/GitHub/embodied_ai/.venv-libero/lib/python3.11/site-packages/torch/utils/serialization/config.py
/home/edge-host/Documents/GitHub/embodied_ai/.venv-libero/lib/python3.11/site-packages/torch/xpu/__pycache__/__init__.cpython-311.pyc
/home/edge-host/Documents/GitHub/embodied_ai/.venv-libero/lib/python3.11/site-packages/torch/xpu/__pycache__/_utils.cpython-311.pyc
/home/edge-host/Documents/GitHub/embodied_ai/.venv-libero/lib/python3.11/site-packages/torch/xpu/__pycache__/graphs.cpython-311.pyc
/home/edge-host/Documents/GitHub/embodied_ai/.venv-libero/lib/python3.11/site-packages/torch/xpu/__pycache__/memory.cpython-311.pyc
/home/edge-host/Documents/GitHub/embodied_ai/.venv-libero/lib/python3.11/site-packages/torch/xpu/__pycache__/random.cpython-311.pyc
/home/edge-host/Documents/GitHub/embodied_ai/.venv-libero/lib/python3.11/site-packages/torch/xpu/__pycache__/streams.cpython-311.pyc
/home/edge-host/Documents/GitHub/embodied_ai/.venv-libero/lib/python3.11/site-packages/torchgen/__pycache__/__init__.cpython-311.pyc
/home/edge-host/Documents/GitHub/embodied_ai/.venv-libero/lib/python3.11/site-packages/torchgen/__pycache__/code_template.cpython-311.pyc
/home/edge-host/Documents/GitHub/embodied_ai/.venv-libero/lib/python3.11/site-packages/torchgen/__pycache__/model.cpython-311.pyc
/home/edge-host/Documents/GitHub/embodied_ai/.venv-libero/lib/python3.11/site-packages/torchgen/__pycache__/utils.cpython-311.pyc
/home/edge-host/Documents/GitHub/embodied_ai/.venv-libero/lib/python3.11/site-packages/tqdm-4.70.0.dist-info/METADATA
/home/edge-host/Documents/GitHub/embodied_ai/.venv-libero/lib/python3.11/site-packages/tqdm-4.70.0.dist-info/entry_points.txt
/home/edge-host/Documents/GitHub/embodied_ai/.venv-libero/lib/python3.11/site-packages/tqdm/__pycache__/__init__.cpython-311.pyc
/home/edge-host/Documents/GitHub/embodied_ai/.venv-libero/lib/python3.11/site-packages/tqdm/__pycache__/_monitor.cpython-311.pyc
/home/edge-host/Documents/GitHub/embodied_ai/.venv-libero/lib/python3.11/site-packages/tqdm/__pycache__/_tqdm_pandas.cpython-311.pyc
/home/edge-host/Documents/GitHub/embodied_ai/.venv-libero/lib/python3.11/site-packages/tqdm/__pycache__/cli.cpython-311.pyc
/home/edge-host/Documents/GitHub/embodied_ai/.venv-libero/lib/python3.11/site-packages/tqdm/__pycache__/gui.cpython-311.pyc
/home/edge-host/Documents/GitHub/embodied_ai/.venv-libero/lib/python3.11/site-packages/tqdm/__pycache__/std.cpython-311.pyc
/home/edge-host/Documents/GitHub/embodied_ai/.venv-libero/lib/python3.11/site-packages/tqdm/__pycache__/utils.cpython-311.pyc
/home/edge-host/Documents/GitHub/embodied_ai/.venv-libero/lib/python3.11/site-packages/tqdm/__pycache__/version.cpython-311.pyc
/home/edge-host/Documents/GitHub/embodied_ai/.venv-libero/lib/python3.11/site-packages/traitlets-5.16.1.dist-info/entry_points.txt
/home/edge-host/Documents/GitHub/embodied_ai/.venv-libero/lib/python3.11/site-packages/transformers-5.16.1.dist-info/entry_points.txt
/home/edge-host/Documents/GitHub/embodied_ai/.venv-libero/lib/python3.11/site-packages/triton-3.8.0.dist-info/METADATA
/home/edge-host/Documents/GitHub/embodied_ai/.venv-libero/lib/python3.11/site-packages/triton-3.8.0.dist-info/entry_points.txt
/home/edge-host/Documents/GitHub/embodied_ai/.venv-libero/lib/python3.11/site-packages/typer-0.27.2.dist-info/entry_points.txt
/home/edge-host/Documents/GitHub/embodied_ai/.venv-libero/lib/python3.11/site-packages/typing_extensions-4.16.0.dist-info/entry_points.txt
/home/edge-host/Documents/GitHub/embodied_ai/.venv-libero/lib/python3.11/site-packages/yaml/__pycache__/__init__.cpython-311.pyc
/home/edge-host/Documents/GitHub/embodied_ai/.venv-libero/lib/python3.11/site-packages/yaml/__pycache__/composer.cpython-311.pyc
/home/edge-host/Documents/GitHub/embodied_ai/.venv-libero/lib/python3.11/site-packages/yaml/__pycache__/constructor.cpython-311.pyc
/home/edge-host/Documents/GitHub/embodied_ai/.venv-libero/lib/python3.11/site-packages/yaml/__pycache__/cyaml.cpython-311.pyc
/home/edge-host/Documents/GitHub/embodied_ai/.venv-libero/lib/python3.11/site-packages/yaml/__pycache__/dumper.cpython-311.pyc
/home/edge-host/Documents/GitHub/embodied_ai/.venv-libero/lib/python3.11/site-packages/yaml/__pycache__/emitter.cpython-311.pyc
/home/edge-host/Documents/GitHub/embodied_ai/.venv-libero/lib/python3.11/site-packages/yaml/__pycache__/error.cpython-311.pyc
/home/edge-host/Documents/GitHub/embodied_ai/.venv-libero/lib/python3.11/site-packages/yaml/__pycache__/events.cpython-311.pyc
/home/edge-host/Documents/GitHub/embodied_ai/.venv-libero/lib/python3.11/site-packages/yaml/__pycache__/loader.cpython-311.pyc
/home/edge-host/Documents/GitHub/embodied_ai/.venv-libero/lib/python3.11/site-packages/yaml/__pycache__/nodes.cpython-311.pyc
/home/edge-host/Documents/GitHub/embodied_ai/.venv-libero/lib/python3.11/site-packages/yaml/__pycache__/parser.cpython-311.pyc
/home/edge-host/Documents/GitHub/embodied_ai/.venv-libero/lib/python3.11/site-packages/yaml/__pycache__/reader.cpython-311.pyc
/home/edge-host/Documents/GitHub/embodied_ai/.venv-libero/lib/python3.11/site-packages/yaml/__pycache__/representer.cpython-311.pyc
/home/edge-host/Documents/GitHub/embodied_ai/.venv-libero/lib/python3.11/site-packages/yaml/__pycache__/resolver.cpython-311.pyc
/home/edge-host/Documents/GitHub/embodied_ai/.venv-libero/lib/python3.11/site-packages/yaml/__pycache__/scanner.cpython-311.pyc
/home/edge-host/Documents/GitHub/embodied_ai/.venv-libero/lib/python3.11/site-packages/yaml/__pycache__/serializer.cpython-311.pyc
/home/edge-host/Documents/GitHub/embodied_ai/.venv-libero/lib/python3.11/site-packages/yaml/__pycache__/tokens.cpython-311.pyc
/home/edge-host/Documents/GitHub/embodied_ai/.venv-libero/lib/python3.11/site-packages/zipp-4.1.0.dist-info/entry_points.txt
/home/edge-host/Documents/GitHub/embodied_ai/screwhead/__pycache__/__init__.cpython-311.pyc
/home/edge-host/Documents/GitHub/embodied_ai/screwhead/assets/robots/panda/robot.xml
/home/edge-host/Documents/GitHub/embodied_ai/screwhead/geometry/__pycache__/__init__.cpython-311.pyc
/home/edge-host/Documents/GitHub/embodied_ai/screwhead/geometry/__pycache__/frames.cpython-311.pyc
/home/edge-host/Documents/GitHub/embodied_ai/screwhead/geometry/__pycache__/interface.cpython-311.pyc
/home/edge-host/Documents/GitHub/embodied_ai/screwhead/geometry/__pycache__/kin_np.cpython-311.pyc
/home/edge-host/Documents/GitHub/embodied_ai/screwhead/geometry/__pycache__/kinematics.cpython-311.pyc
/home/edge-host/Documents/GitHub/embodied_ai/screwhead/geometry/__pycache__/poe.cpython-311.pyc
/home/edge-host/Documents/GitHub/embodied_ai/screwhead/geometry/__pycache__/se3.cpython-311.pyc
/home/edge-host/Documents/GitHub/embodied_ai/screwhead/sim/__pycache__/__init__.cpython-311.pyc
/home/edge-host/Documents/GitHub/embodied_ai/screwhead/sim/__pycache__/contacts.cpython-311.pyc
/home/edge-host/Documents/GitHub/embodied_ai/screwhead/sim/__pycache__/exec_state.cpython-311.pyc
/home/edge-host/Documents/GitHub/embodied_ai/screwhead/sim/__pycache__/gripper_servo.cpython-311.pyc
/home/edge-host/Documents/GitHub/embodied_ai/screwhead/sim/__pycache__/joint_ramp.cpython-311.pyc
/home/edge-host/Documents/GitHub/embodied_ai/screwhead/sim/__pycache__/libero.cpython-311.pyc
/home/edge-host/Documents/GitHub/embodied_ai/screwhead/sim/__pycache__/libero_env.cpython-311.pyc
/home/edge-host/Documents/GitHub/embodied_ai/screwhead/sim/__pycache__/mjcf.cpython-311.pyc
/home/edge-host/Documents/GitHub/embodied_ai/screwhead/sim/__pycache__/scan.cpython-311.pyc
/home/edge-host/Documents/GitHub/embodied_ai/screwhead/sim/__pycache__/scene.cpython-311.pyc
/home/edge-host/Documents/GitHub/embodied_ai/screwhead/sim/__pycache__/servo.cpython-311.pyc
/home/edge-host/Documents/GitHub/embodied_ai/screwhead/sim/__pycache__/sim_arm.cpython-311.pyc
/home/edge-host/Documents/GitHub/embodied_ai/screwhead/sim/__pycache__/task_env.cpython-311.pyc
/home/edge-host/Documents/GitHub/embodied_ai/screwhead/sim/sim_arm.py
/home/edge-host/Documents/GitHub/embodied_ai/screwhead/teacher/__pycache__/__init__.cpython-311.pyc
/home/edge-host/Documents/GitHub/embodied_ai/screwhead/teacher/__pycache__/clearing.cpython-311.pyc
/home/edge-host/Documents/GitHub/embodied_ai/screwhead/teacher/__pycache__/grasp_planner.cpython-311.pyc
/home/edge-host/Documents/GitHub/embodied_ai/screwhead/teacher/__pycache__/reach.cpython-311.pyc
/home/edge-host/Documents/GitHub/embodied_ai/screwhead/teacher/__pycache__/skill_teacher.cpython-311.pyc
/home/edge-host/Documents/GitHub/embodied_ai/screwhead/teacher/__pycache__/skills.cpython-311.pyc
/home/edge-host/Documents/GitHub/embodied_ai/screwhead/teacher/__pycache__/task_spec.cpython-311.pyc
/home/edge-host/Documents/GitHub/embodied_ai/screwhead/third_party/LIBERO
/home/edge-host/Documents/GitHub/embodied_ai/tests/__pycache__/test_exec_state.cpython-311-pytest-9.1.1.pyc
/home/edge-host/Documents/GitHub/embodied_ai/tests/test_exec_state.py
/home/edge-host/Documents/GitHub/embodied_ai/third_party/LIBERO/libero.egg-info/entry_points.txt
/home/edge-host/Documents/GitHub/embodied_ai/third_party/LIBERO/libero/libero/__pycache__/__init__.cpython-311.pyc
/home/edge-host/Documents/GitHub/embodied_ai/third_party/LIBERO/libero/libero/assets/articulated_objects/flat_stove.xml
/home/edge-host/Documents/GitHub/embodied_ai/third_party/LIBERO/libero/libero/assets/articulated_objects/wooden_cabinet.xml
/home/edge-host/Documents/GitHub/embodied_ai/third_party/LIBERO/libero/libero/assets/scenes/libero_tabletop_base_style.xml
/home/edge-host/Documents/GitHub/embodied_ai/third_party/LIBERO/libero/libero/assets/stable_hope_objects/cream_cheese/cream_cheese.xml
/home/edge-host/Documents/GitHub/embodied_ai/third_party/LIBERO/libero/libero/assets/stable_scanned_objects/akita_black_bowl/akita_black_bowl.xml
/home/edge-host/Documents/GitHub/embodied_ai/third_party/LIBERO/libero/libero/assets/stable_scanned_objects/plate/plate.xml
/home/edge-host/Documents/GitHub/embodied_ai/third_party/LIBERO/libero/libero/assets/turbosquid_objects/wine_bottle/wine_bottle.xml
/home/edge-host/Documents/GitHub/embodied_ai/third_party/LIBERO/libero/libero/assets/turbosquid_objects/wine_rack/wine_rack.xml
/home/edge-host/Documents/GitHub/embodied_ai/third_party/LIBERO/libero/libero/bddl_files/libero_goal/put_the_bowl_on_the_plate.bddl
/home/edge-host/Documents/GitHub/embodied_ai/third_party/LIBERO/libero/libero/bddl_files/libero_goal/turn_on_the_stove.bddl
/home/edge-host/Documents/GitHub/embodied_ai/third_party/LIBERO/libero/libero/benchmark/__pycache__/__init__.cpython-311.pyc
/home/edge-host/Documents/GitHub/embodied_ai/third_party/LIBERO/libero/libero/benchmark/__pycache__/libero_suite_task_map.cpython-311.pyc
/home/edge-host/Documents/GitHub/embodied_ai/third_party/LIBERO/libero/libero/envs/__pycache__/__init__.cpython-311.pyc
/home/edge-host/Documents/GitHub/embodied_ai/third_party/LIBERO/libero/libero/envs/__pycache__/base_object.cpython-311.pyc
/home/edge-host/Documents/GitHub/embodied_ai/third_party/LIBERO/libero/libero/envs/__pycache__/bddl_base_domain.cpython-311.pyc
/home/edge-host/Documents/GitHub/embodied_ai/third_party/LIBERO/libero/libero/envs/__pycache__/bddl_utils.cpython-311.pyc
/home/edge-host/Documents/GitHub/embodied_ai/third_party/LIBERO/libero/libero/envs/__pycache__/env_wrapper.cpython-311.pyc
/home/edge-host/Documents/GitHub/embodied_ai/third_party/LIBERO/libero/libero/envs/__pycache__/utils.cpython-311.pyc
/home/edge-host/Documents/GitHub/embodied_ai/third_party/LIBERO/libero/libero/envs/__pycache__/venv.cpython-311.pyc
/home/edge-host/Documents/GitHub/embodied_ai/third_party/LIBERO/libero/libero/envs/arenas/__pycache__/__init__.cpython-311.pyc
/home/edge-host/Documents/GitHub/embodied_ai/third_party/LIBERO/libero/libero/envs/arenas/__pycache__/coffee_table_arena.cpython-311.pyc
/home/edge-host/Documents/GitHub/embodied_ai/third_party/LIBERO/libero/libero/envs/arenas/__pycache__/empty_arena.cpython-311.pyc
/home/edge-host/Documents/GitHub/embodied_ai/third_party/LIBERO/libero/libero/envs/arenas/__pycache__/kitchen_arena.cpython-311.pyc
/home/edge-host/Documents/GitHub/embodied_ai/third_party/LIBERO/libero/libero/envs/arenas/__pycache__/living_room_arena.cpython-311.pyc
/home/edge-host/Documents/GitHub/embodied_ai/third_party/LIBERO/libero/libero/envs/arenas/__pycache__/study_arena.cpython-311.pyc
/home/edge-host/Documents/GitHub/embodied_ai/third_party/LIBERO/libero/libero/envs/arenas/__pycache__/style.cpython-311.pyc
/home/edge-host/Documents/GitHub/embodied_ai/third_party/LIBERO/libero/libero/envs/arenas/__pycache__/table_arena.cpython-311.pyc
/home/edge-host/Documents/GitHub/embodied_ai/third_party/LIBERO/libero/libero/envs/object_states/__pycache__/__init__.cpython-311.pyc
/home/edge-host/Documents/GitHub/embodied_ai/third_party/LIBERO/libero/libero/envs/object_states/__pycache__/base_object_states.cpython-311.pyc
/home/edge-host/Documents/GitHub/embodied_ai/third_party/LIBERO/libero/libero/envs/objects/__pycache__/__init__.cpython-311.pyc
/home/edge-host/Documents/GitHub/embodied_ai/third_party/LIBERO/libero/libero/envs/objects/__pycache__/articulated_objects.cpython-311.pyc
/home/edge-host/Documents/GitHub/embodied_ai/third_party/LIBERO/libero/libero/envs/objects/__pycache__/google_scanned_objects.cpython-311.pyc
/home/edge-host/Documents/GitHub/embodied_ai/third_party/LIBERO/libero/libero/envs/objects/__pycache__/hope_objects.cpython-311.pyc
/home/edge-host/Documents/GitHub/embodied_ai/third_party/LIBERO/libero/libero/envs/objects/__pycache__/site_object.cpython-311.pyc
/home/edge-host/Documents/GitHub/embodied_ai/third_party/LIBERO/libero/libero/envs/objects/__pycache__/target_zones.cpython-311.pyc
/home/edge-host/Documents/GitHub/embodied_ai/third_party/LIBERO/libero/libero/envs/objects/__pycache__/turbosquid_objects.cpython-311.pyc
/home/edge-host/Documents/GitHub/embodied_ai/third_party/LIBERO/libero/libero/envs/predicates/__pycache__/__init__.cpython-311.pyc
/home/edge-host/Documents/GitHub/embodied_ai/third_party/LIBERO/libero/libero/envs/predicates/__pycache__/base_predicates.cpython-311.pyc
/home/edge-host/Documents/GitHub/embodied_ai/third_party/LIBERO/libero/libero/envs/problems/__pycache__/__init__.cpython-311.pyc
/home/edge-host/Documents/GitHub/embodied_ai/third_party/LIBERO/libero/libero/envs/problems/__pycache__/libero_coffee_table_manipulation.cpython-311.pyc
/home/edge-host/Documents/GitHub/embodied_ai/third_party/LIBERO/libero/libero/envs/problems/__pycache__/libero_floor_manipulation.cpython-311.pyc
/home/edge-host/Documents/GitHub/embodied_ai/third_party/LIBERO/libero/libero/envs/problems/__pycache__/libero_kitchen_tabletop_manipulation.cpython-311.pyc
/home/edge-host/Documents/GitHub/embodied_ai/third_party/LIBERO/libero/libero/envs/problems/__pycache__/libero_living_room_tabletop_manipulation.cpython-311.pyc
/home/edge-host/Documents/GitHub/embodied_ai/third_party/LIBERO/libero/libero/envs/problems/__pycache__/libero_study_tabletop_manipulation.cpython-311.pyc
/home/edge-host/Documents/GitHub/embodied_ai/third_party/LIBERO/libero/libero/envs/problems/__pycache__/libero_tabletop_manipulation.cpython-311.pyc
/home/edge-host/Documents/GitHub/embodied_ai/third_party/LIBERO/libero/libero/envs/regions/__pycache__/__init__.cpython-311.pyc
/home/edge-host/Documents/GitHub/embodied_ai/third_party/LIBERO/libero/libero/envs/regions/__pycache__/base_region_sampler.cpython-311.pyc
/home/edge-host/Documents/GitHub/embodied_ai/third_party/LIBERO/libero/libero/envs/regions/__pycache__/object_property_sampler.cpython-311.pyc
/home/edge-host/Documents/GitHub/embodied_ai/third_party/LIBERO/libero/libero/envs/regions/__pycache__/workspace_region_sampler.cpython-311.pyc
/home/edge-host/Documents/GitHub/embodied_ai/third_party/LIBERO/libero/libero/envs/robots/__pycache__/__init__.cpython-311.pyc
/home/edge-host/Documents/GitHub/embodied_ai/third_party/LIBERO/libero/libero/envs/robots/__pycache__/mounted_panda.cpython-311.pyc
/home/edge-host/Documents/GitHub/embodied_ai/third_party/LIBERO/libero/libero/envs/robots/__pycache__/on_the_ground_panda.cpython-311.pyc
/home/edge-host/Documents/GitHub/embodied_ai/third_party/LIBERO/libero/libero/init_files/libero_goal/put_the_bowl_on_the_plate.pruned_init
/home/edge-host/Documents/GitHub/embodied_ai/third_party/LIBERO/libero/libero/init_files/libero_goal/turn_on_the_stove.pruned_init
